1.19744502482914,-13.9436987875289,-3.28119784068216
-11.0553598700342,-3.30705062098914,-2.51357575011578
0,0,0
15.3104036074399,8.65868437847463,-0.576316022764287
-0.810327927988024,-8.12017166567083,0.507499264187469
-10.2533456264985,3.18559318617507,-4.61046230280303
1.97014954884006e-16,-1.64905433338046e-16,6.56582938211589
14.1963482972905,2.33103754734246e-16,2.0258429555361
1.37965606758319,-14.0516139332189,-3.34886557523068
-10.9456086772126,-3.46773520700736,-2.58196283646596
0,0,0
15.3104036074399,8.65868437847463,-0.576316022764287
-0.684649992306983,-8.24621466103552,0.395342765621927
-10.1953869392289,3.02769658536565,-4.70057982037477
1.87258269989455e-16,-1.63970966856463e-16,6.56582938211589
14.1963482972905,2.29882269332129e-16,2.0258429555361
1.56257878750092,-14.1583044271868,-3.41496933221571
-10.8340965553625,-3.62788376002013,-2.64953694466116
0,0,0
15.3104036074399,8.65868437847463,-0.576316022764287
-0.557642500815994,-8.37091925472846,0.283179162049081
-10.1363839927074,2.86941292524347,-4.79010953567302
1.77501585094903e-16,-1.6303650037488e-16,6.56582938211589
14.1963482972905,2.26660783930012e-16,2.0258429555361
1.74620723436787,-14.2637722487888,-3.47949654414393
-10.7207999942124,-3.78743857468588,-2.71624363710753
0,0,0
15.3104036074399,8.65868437847463,-0.576316022764287
-0.42928844493269,-8.49428359102517,0.171003980813792
-10.0763117056948,2.71077102104476,-4.87898653853844
1.67744900200352e-16,-1.62102033893298e-16,6.56582938211589
14.1963482972905,2.23439298527894e-16,2.0258429555361
1.9305682902033,-14.368037755653,-3.54244658809188
-10.6056765545137,-3.94637040957819,-2.78204121950171
0,0,0
15.3104036074399,8.65868437847463,-0.576316022764287
-0.299547974121086,-8.61632729975661,0.0587909466856942
-10.0151363396537,2.55177150220363,-4.96716201879208
1.57988215305801e-16,-1.61167567411715e-16,6.56582938211589
14.1963482972905,2.20217813125777e-16,2.0258429555361
2.11563697562357,-14.4710910485643,-3.60380106217034
-10.4887170471978,-4.1046049511396,-2.84687008734438
0,0,0
15.3104036074399,8.65868437847463,-0.576316022764287
-0.168417599318971,-8.7370346048926,-0.053456274058871
-9.95284321703629,2.39245991829334,-5.05456237425367
1.48231530411249e-16,-1.60233100930133e-16,6.56582938211589
14.1963482972905,2.1699632772366e-16,2.0258429555361
2.3014569044269,-14.5729602209207,-3.66356507157218
-10.3698703179427,-4.26212674708837,-2.91069587572455
0,0,0
15.3104036074399,8.65868437847463,-0.576316022764287
-0.0358454812112575,-8.85643419990737,-0.165777407948429
-9.88939680638655,2.23282280355237,-5.14114695024994
1.38474845516698e-16,-1.5929863444855e-16,6.56582938211589
14.1963482972905,2.13774842321542e-16,2.0258429555361
2.48798184579944,-14.6736228720843,-3.72171443905366
-10.2491430526847,-4.41884359210639,-2.97345388108254
0,0,0
15.3104036074399,8.65868437847463,-0.576316022764287
0.0981564471896338,-8.97449562282954,-0.278159395430407
-9.8247939138203,2.07292401793703,-5.22683315279934
1.28718160622147e-16,-1.58364167966967e-16,6.56582938211589
14.1963482972905,2.10553356919425e-16,2.0258429555361
2.67527428141034,-14.7731153743229,-3.77826005685009
-10.12647302528,-4.5747551745116,-3.03511764906523
0,0,0
15.3104036074399,8.65868437847463,-0.576316022764287
0.23365391626593,-9.09125730841102,-0.390656487950793
-9.75899610043357,1.91273404911757,-5.31158930832621
1.18961475727595e-16,-1.57429701485385e-16,6.56582938211589
14.1963482972905,2.07331871517308e-16,2.0258429555361
2.86326348565431,-14.8714017711333,-3.83317188289609
-10.0018850793248,-4.72974941516553,-3.09561726421043
0,0,0
15.3104036074399,8.65868437847463,-0.576316022764287
0.370616822882598,-9.20667287079182,-0.503244329103674
-9.69201315849121,1.75233738824695,-5.39532325272995
1.09204790833044e-16,-1.56495235003802e-16,6.56582938211589
14.1963482972905,2.0411038611519e-16,2.0258429555361
3.0520339353654,-14.9685277048762,-3.8864668714883
-9.87530274297322,-4.88384316798932,-3.15493497055453
0,0,0
15.3104036074399,8.65868437847463,-0.576316022764287
0.509127462997029,-9.32079172655174,-0.615993311644536
-9.62380218405071,1.59168564754461,-5.47801345614232
9.94481059384926e-17,-1.5556076852222e-16,6.56582938211589
14.1963482972905,2.00888900713073e-16,2.0258429555361
3.24148612793829,-15.0644422303633,-3.93810895452427
-9.74677210270503,-5.03690184834718,-3.21299540482721
0,0,0
15.3104036074399,8.65868437847463,-0.576316022764287
0.649133909869735,-9.43354992336333,-0.72886520036078
-9.55438791227437,1.43088700723903,-5.55955738645369
8.96914210439413e-17,-1.54626302040637e-16,6.56582938211589
14.1963482972905,1.97667415310956e-16,2.0258429555361
3.43173068071459,-15.1592016444913,-3.98812157781074
-9.61619836892963,-5.18896210855841,-3.269790444732
0,0,0
15.3104036074399,8.65868437847463,-0.576316022764287
0.790738533120083,-9.54500960800786,-0.841948676888573
-9.48372091689946,1.26987049671108,-5.6399450969743
7.993473614939e-17,-1.53691835559055e-16,6.56582938211589
14.1963482972905,1.94445929908838e-16,2.0258429555361
3.62263398723343,-15.252738261221,-4.03646249644513
-9.4836528309938,-5.33986364388083,-3.32523898719596
0,0,0
15.3104036074399,8.65868437847463,-0.576316022764287
0.933862967391454,-9.65508729065394,-0.955188335039966
-9.41184331418756,1.1087717612997,-5.71906274137739
7.01780512548386e-17,-1.52757369077472e-16,6.56582938211589
14.1963482972905,1.91224444506721e-16,2.0258429555361
3.81433798569246,-15.3451207497993,-4.08316216901142
-9.34901733545013,-5.48966605958545,-3.37934355648789
0,0,0
15.3104036074399,8.65868437847463,-0.576316022764287
1.07863405418442,-9.7638600436675,-1.06869380736358
-9.33869654477844,0.947492675722186,-5.79691359456469
6.04213663602873e-17,-1.51822902595889e-16,6.56582938211589
14.1963482972905,1.88002959104604e-16,2.0258429555361
4.00666860809628,-15.4362626798985,-4.12817212136573
-9.21239327485712,-5.63817962245248,-3.43201703746991
0,0,0
15.3104036074399,8.65868437847463,-0.576316022764287
1.22494136691264,-9.87122262782556,-1.18238848341989
-9.26434304406408,0.786200810156362,-5.87337148567751
5.0664681465736e-17,-1.50888436114307e-16,6.56582938211589
14.1963482972905,1.84781473702486e-16,2.0258429555361
4.19980532910277,-15.5262470766607,-4.17153037450052
-9.07363304735663,-5.7854904562194,-3.4832736114311
0,0,0
15.3104036074399,8.65868437847463,-0.576316022764287
1.37294155264823,-9.97726961303647,-1.29640609832052
-9.18871190959963,0.624765483055325,-5.94845465178154
4.09079965711846e-17,-1.49953969632724e-16,6.56582938211589
14.1963482972905,1.81559988300369e-16,2.0258429555361
4.39352627297525,-15.6149665910236,-4.21318236363833
-8.93287404240832,-5.93137531336056,-3.53301998193336
0,0,0
15.3104036074399,8.65868437847463,-0.576316022764287
1.52248546495978,-10.0818716592211,-1.41064403837963
-9.11188933848279,0.463391278345638,-6.02202362016376
3.11513116766333e-17,-1.49019503151142e-16,6.56582938211589
14.1963482972905,1.78338502898252e-16,2.0258429555361
4.58805567750464,-15.7025207754191,-4.2531741864888
-8.78993204145342,-6.07595067278721,-3.58128290620151
0,0,0
15.3104036074399,8.65868437847463,-0.576316022764287
1.67376585191291,-10.1851436985532,-1.52526374617882
-9.0337882442829,0.301908787728689,-6.09411331702549
2.1394626782082e-17,-1.48085036669559e-16,6.56582938211589
14.1963482972905,1.75117017496134e-16,2.0258429555361
4.78311560454993,-15.7887791117602,-4.2914456123779
-8.64498735162206,-6.21895545675757,-3.62796292843488
0,0,0
15.3104036074399,8.65868437847463,-0.576316022764287
1.82658715066845,-10.2869299148529,-1.64013102904974
-8.95452251875531,0.140565248392426,-6.16457013228478
1.16379418875306e-17,-1.47150570187976e-16,6.56582938211589
14.1963482972905,1.71895532094017e-16,2.0258429555361
4.97898323603978,-15.87385994918,-4.32805123208523
-8.49781086785768,-6.36054043527189,-3.67310011333449
0,0,0
15.3104036074399,8.65868437847463,-0.576316022764287
1.98118546557068,-10.387368659676,-1.75543904386168
-8.87398440829165,-0.020854321838999,-6.23344726115055
1.88125699297926e-18,-1.46216103706394e-16,6.56582938211589
14.1963482972905,1.686740466919e-16,2.0258429555361
5.17531553500138,-15.9576073863308,-4.3629259526816
-8.34863377056325,-6.5004023353942,-3.71658914774179
0,0,0
15.3104036074399,8.65868437847463,-0.576316022764287
2.13731011682103,-10.4862753708996,-1.87101567853952
-8.7923198844219,-0.182053947860104,-6.30057638029683
-7.87542790157204e-18,-1.45281637224811e-16,6.56582938211589
14.1963482972905,1.65452561289782e-16,2.0258429555361
5.3724516655779,-16.0401608341292,-4.39613311655565
-8.1971727156806,-6.6387300475215,-3.75848384896175
0,0,0
15.3104036074399,8.65868437847463,-0.576316022764287
2.2952487403725,-10.5838149498341,-1.98709014350706
-8.70939541595441,-0.34330158184621,-6.36603023858178
-1.76321127961234e-17,-1.44347170743229e-16,6.56582938211589
14.1963482972905,1.62231075887665e-16,2.0258429555361
5.56997385428483,-16.1213369588455,-4.42760403436219
-8.04371872288655,-6.77517390477994,-3.79867371250079
0,0,0
15.3104036074399,8.65868437847463,-0.576316022764287
2.45468591422629,-10.679772062847,-2.10344534916832
-8.62539382484429,-0.50424611426668,-6.42962560544107
-2.73887976906747e-17,-1.43412704261646e-16,6.56582938211589
14.1963482972905,1.59009590485548e-16,2.0258429555361
5.76829299768052,-16.2012983798915,-4.4574108458591
-7.88792383855285,-6.90996440175849,-3.83722636956142
0,0,0
15.3104036074399,8.65868437847463,-0.576316022764287
2.61596981354561,-10.7743412259694,-2.22035114119571
-8.54015011156035,-0.665216246977611,-6.49145561517534
-3.71454825852261e-17,-1.42478237780064e-16,6.56582938211589
14.1963482972905,1.5578810508343e-16,2.0258429555361
5.96690658522915,-16.2798325919832,-4.48548305695467
-7.73014883645852,-7.04270169296004,-3.87402722621625
0,0,0
15.3104036074399,8.65868437847463,-0.576316022764287
2.77870985743659,-10.8672746947915,-2.33753777274026
-8.4538890064872,-0.82579918720434,-6.55132243818803
-4.69021674797774e-17,-1.41543771298481e-16,6.56582938211589
14.1963482972905,1.52566619681313e-16,2.0258429555361
6.16630750988318,-16.3571273279025,-4.51190139001008
-7.56996988428642,-7.17366074727663,-3.90915731522326
0,0,0
15.3104036074399,8.65868437847463,-0.576316022764287
2.94332445503752,-10.95879944254,-2.45532043691597
-8.36640785327389,-0.986392346188733,-6.60933981316248
-5.66588523743288e-17,-1.40609304816898e-16,6.56582938211589
14.1963482972905,1.49345134279196e-16,2.02584295553611
6.36589845633284,-16.4329396384084,-4.53659589479016
-7.40782827186772,-7.30238844597278,-3.9424995425969
0,0,0
15.3104036074399,8.65868437847463,-0.576316022764287
3.10933685239568,-11.0486341969699,-2.57336858917862
-8.27797850528036,-1.14651472805751,-6.6652962324116
-6.64155372688801e-17,-1.39674838335316e-16,6.56582938211589
14.1963482972905,1.46123648877078e-16,2.02584295553611
6.56626483626273,-16.507483903589,-4.55965536249603
-7.24321230328732,-7.42920619883223,-3.97414738131493
0,0,0
15.3104036074399,8.65868437847463,-0.576316022764287
3.27724586437701,-11.1370408364005,-2.69204747895185
-8.18835408315646,-1.30664035351638,-6.71932549174004
-7.61722221634314e-17,-1.38740371853733e-16,6.56582938211589
14.1963482972905,1.42902163474961e-16,2.02584295553611
6.76670474100267,-16.5804860866823,-4.58101327613237
-7.07665525106417,-7.55360550675317,-4.00398333715342
0,0,0
15.3104036074399,8.65868437847463,-0.576316022764287
3.44647721122166,-11.2237040844456,-2.81095740444236
-8.09785877239039,-1.46621372815727,-6.77120403107917
-8.59289070579827e-17,-1.37805905372151e-16,6.56582938211589
14.1963482972905,1.39680678072844e-16,2.02584295553611
6.96790656813723,-16.6521882483864,-4.60076565553978
-6.90754510820104,-7.67595498408406,-4.03211175930318
0,0,0
15.3104036074399,8.65868437847463,-0.576316022764287
3.6176204821997,-11.3089225968728,-2.9305182227836
-8.00619468289969,-1.62579305119391,-6.82108425371329
-9.56855919525341e-17,-1.36871438890568e-16,6.56582938211589
14.1963482972905,1.36459192670726e-16,2.02584295553611
7.16905468954326,-16.7222854070126,-4.61885276881017
-6.7365191200319,-7.7956899419697,-4.05841735028019
0,0,0
15.3104036074399,8.65868437847463,-0.576316022764287
3.78999250502502,-11.3923473469946,-3.05025283185579
-7.91374334732728,-1.78474245806104,-6.86873294264907
-1.05442276847085e-16,-1.35936972408985e-16,6.56582938211589
14.1963482972905,1.33237707268609e-16,2.02584295553611
7.37095053150107,-16.7910477121028,-4.63537668293714
-6.56285238748365,-7.91322546839366,-4.08301314391311
0,0,0
15.3104036074399,8.65868437847463,-0.576316022764287
3.96428385857575,-11.4743148842373,-3.17063991875484
-7.82014904278813,-1.94371126778933,-6.91431864925858
-1.15198961741637e-16,-1.35002505927403e-16,6.56582938211589
14.1963482972905,1.30016221866492e-16,2.02584295553611
7.5726566827192,-16.8581403050797,-4.65028811281254
-6.38729842636763,-8.02794148684286,-4.10578907845641
0,0,0
15.3104036074399,8.65868437847463,-0.576316022764287
4.13969148499848,-11.554443465584,-3.29111729106382
-7.72585526163777,-2.1019779892556,-6.95760169565
-1.24955646636188e-16,-1.3406803944582e-16,6.56582938211589
14.1963482972905,1.26794736464374e-16,2.02584295553611
7.77509679864716,-16.9238610945281,-4.66369364932782
-6.20900713870715,-8.14029707261839,-4.12686406318294
0,0,0
15.3104036074399,8.65868437847463,-0.576316022764287
4.31701659945483,-11.6331077264025,-3.41222617317856
-7.63044180083528,-2.26028906115441,-6.99876324559544
-1.34712331530739e-16,-1.33133572964238e-16,6.56582938211589
14.1963482972905,1.23573251062257e-16,2.02584295553611
7.97720507433598,-16.9878474436224,-4.67555819361196
-6.02886066982125,-8.24961948336943,-4.14613665380646
0,0,0
15.3104036074399,8.65868437847463,-0.576316022764287
4.49532608387279,-11.7098950258704,-3.53331267898184
-7.53441810395069,-2.41783289585187,-7.03756114948605
-1.44469016425291e-16,-1.32199106482655e-16,6.56582938211589
14.1963482972905,1.2035176566014e-16,2.02584295553611
8.18003529861979,-17.0504238568334,-4.68599101203192
-5.84587217534385,-8.3564073396613,-4.16372825699675
0,0,0
15.3104036074399,8.65868437847463,-0.576316022764287
4.67554040173738,-11.7852172138772,-3.65498356648779
-7.43729323259574,-2.57545778895393,-7.0741845574962
-1.54225701319842e-16,-1.31264640001073e-16,6.56582938211589
14.1963482972905,1.17130280258022e-16,2.02584295553611
8.38238847054839,-17.1112031019606,-4.69497470358883
-5.66106457673573,-8.4599401700655,-4.1795496286874
0,0,0
15.3104036074399,8.65868437847463,-0.576316022764287
4.85658751182326,-11.8586333138647,-3.77648834856104
-7.33964573406941,-2.73225851359938,-7.10839358502439
-1.63982386214393e-16,-1.3033017351949e-16,6.56582938211589
14.1963482972905,1.13908794855905e-16,2.02584295553611
8.58545465084132,-17.1705342110246,-4.70261907462757
-5.47330405081687,-8.56074963818058,-4.19372081433003
0,0,0
15.3104036074399,8.65868437847463,-0.576316022764287
5.03951420919153,-11.9305903600086,-3.89850139934229
-7.24090828032891,-2.88918837871635,-7.14037970151752
-1.73739071108945e-16,-1.29395707037907e-16,6.56582938211589
14.1963482972905,1.10687309453788e-16,2.02584295553611
8.78789894453404,-17.2280096094441,-4.70892734847173
-5.28376592539559,-8.65807497118681,-4.2061683756343
0,0,0
15.3104036074399,8.65868437847463,-0.576316022764287
5.22310251015649,-12.0006222664851,-4.02017306426623
-7.14173063070783,-3.04524600715156,-7.16991069244646
-1.83495756003496e-16,-1.28461240556325e-16,6.56582938211589
14.1963482972905,1.0746582405167e-16,2.02584295553611
8.99105160177768,-17.2839998406396,-4.71400751449859
-5.09116109187297,-8.75247234445621,-4.21700678139351
0,0,0
15.3104036074399,8.65868437847463,-0.576316022764287
5.4085306066483,-12.0692080279417,-4.14224629647676
-7.04146419525741,-3.2014909920929,-7.19717375919138
-1.93252440898047e-16,-1.27526774074742e-16,6.56582938211589
14.1963482972905,1.04244338649553e-16,2.02584295553611
9.1934414647675,-17.33808221725,-4.71788539094003
-4.89682805205961,-8.84315085171462,-4.22618182185964
0,0,0
15.3104036074399,8.65868437847463,-0.576316022764287
5.59442995578223,-12.1358602361698,-4.263772667164
-6.94083083045277,-3.35682439528285,-7.22195032656383
-2.03009125792599e-16,-1.2659230759316e-16,6.56582938211589
14.1963482972905,1.01022853247436e-16,2.02584295553611
9.39654026802908,-17.3906448224384,-4.72066467153791
-4.69931666954142,-8.93068082594913,-4.23379796588067
0,0,0
15.3104036074399,8.65868437847463,-0.576316022764287
5.78211275142298,-12.201085465536,-4.38556334818746
-6.83909673126001,-3.51241119957356,-7.24441601795413
-2.1276581068715e-16,-1.25657841111577e-16,6.56582938211589
14.1963482972905,9.78013678453185e-17,2.02584295553611
9.59874270661882,-17.4412558860909,-4.72239445296302
-4.50013811307764,-9.01425434375374,-4.23982325043894
0,0,0
15.3104036074399,8.65868437847463,-0.576316022764287
5.97005824851477,-12.2643792197258,-4.50657500392568
-6.73705537746889,-3.66705463675714,-7.26437231242652
-2.22522495581701e-16,-1.24723374629994e-16,6.56582938211589
14.1963482972905,9.45798824432012e-17,2.02584295553611
9.80166037035115,-17.4903161371128,-4.72317167115418
-4.2976786634702,-9.09444413042876,-4.24434767070277
0,0,0
15.3104036074399,8.65868437847463,-0.576316022764287
6.159712439253,-12.3262702257348,-4.62768514920179
-6.63388479906149,-3.82202177548949,-7.2819754970287
-2.32279180476253e-16,-1.23788908148412e-16,6.56582938211589
14.1963482972905,9.13583970410839e-17,2.02584295553611
10.0035585089207,-17.5373913023399,-4.72306786526513
-4.0936298602053,-9.17044144552676,-4.24736389801993
0,0,0
15.3104036074399,8.65868437847463,-0.576316022764287
6.34940426826745,-12.3862414721063,-4.74776320923299
-6.53044819800016,-3.97601892383413,-7.29705384136647
-2.42035865370804e-16,-1.22854441666829e-16,6.56582938211589
14.1963482972905,8.81369116389665e-17,2.02584295553611
10.2061838602777,-17.582889019719,-4.72217094277801
-3.88621558149136,-9.24280885660672,-4.2489430735786
0,0,0
15.3104036074399,8.65868437847463,-0.576316022764287
6.54071030386494,-12.4448375409306,-4.86774948387531
-6.42583353072554,-4.130409329994,-7.30973643266234
-2.51792550265355e-16,-1.21919975185247e-16,6.56582938211589
14.1963482972905,8.49154262368492e-17,2.02584295553611
10.4076795863279,-17.6263793375914,-4.7205724497542
-3.67731299222387,-9.31075609162482,-4.24910404350862
0,0,0
15.3104036074399,8.65868437847463,-0.576316022764287
6.73181512086899,-12.5015337193233,-4.98643768667049
-6.32097042635142,-4.2838045116953,-7.31988526131569
-2.61549235159907e-16,-1.20985508703664e-16,6.56582938211589
14.1963482972905,8.16939408347319e-17,2.02584295553611
10.6099198174414,-17.6682703537227,-4.7183493865025
-3.46498887957067,-9.37482303755601,-4.24789491630603
0,0,0
15.3104036074399,8.65868437847463,-0.576316022764287
6.92441958333906,-12.5568834980543,-5.10482554087973
-6.21485592084205,-4.43765526533924,-7.32759464191522
-2.71305920054458e-16,-1.20051042222082e-16,6.56582938211589
14.1963482972905,7.84724554326146e-17,2.02584295553611
10.8109356923479,-17.7081431795059,-4.71560937669166
-3.25130799827399,-9.43426002877836,-4.24536121723115
0,0,0
15.3104036074399,8.65868437847463,-0.576316022764287
7.11657429225099,-12.6103594283772,-5.22164617334473
-6.10848156121268,-4.59048178549032,-7.33276727147031
-2.81062604949009e-16,-1.19116575740499e-16,6.56582938211589
14.1963482972905,7.52509700304972e-17,2.02584295553611
11.0127181530079,-17.7463993921293,-4.71241723003322
-3.0341896498911,-9.48957269104497,-4.24152410359422
0,0,0
15.3104036074399,8.65868437847463,-0.576316022764287
7.31009520692467,-12.6625165554872,-5.33794751069297
-6.000753731264,-4.74381103708378,-7.33545583054863
-2.90819289843561e-16,-1.18182109258916e-16,6.56582938211589
14.1963482972905,7.20294846283799e-17,2.02584295553611
11.2131990940126,-17.7826375424429,-4.70889153882966
-2.81588399318754,-9.5400765734239,-4.23645502523268
0,0,0
15.3104036074399,8.65868437847463,-0.576316022764287
7.50291400223361,-12.7128297417891,-5.45242028271411
-5.89272052985104,-4.896077002335,-7.33561064889606
-3.00575974738112e-16,-1.17247642777334e-16,6.5658293821159
14.1963482972905,6.88079992262626e-17,2.02584295553611
11.4144729585253,-17.8172460146853,-4.70508457077629
-2.59417887387394,-9.58623652958723,-4.23014364417434
0,0,0
15.3104036074399,8.65868437847463,-0.576316022764287
7.69694968044885,-12.7618483824361,-5.56615461098105
-5.78319940307142,-5.04887073321069,-7.3332376300166
-3.10332659632664e-16,-1.16313176295751e-16,6.5658293821159
14.1963482972905,6.55865138241453e-17,2.02584295553611
11.6143872098735,-17.849847437161,-4.70111966682695
-2.3715033135464,-9.62746115528817,-4.22268626952436
0,0,0
15.3104036074399,8.65868437847463,-0.576316022764287
7.89003453567986,-12.8090551798934,-5.67781987685444
-5.67329059790261,-5.20054926641032,-7.32834124246776
-3.20089344527215e-16,-1.15378709814169e-16,6.5658293821159
14.1963482972905,6.23650284220279e-17,2.02584295553611
11.8151244409374,-17.8808097156556,-4.6970358274335
-2.14552738081771,-9.66416250521414,-4.2140413488042
0,0,0
15.3104036074399,8.65868437847463,-0.576316022764287
8.08417698487801,-12.8549864339177,-5.78853665787372
-5.56172704761618,-5.35275017470592,-7.32087501466378
-3.29846029421766e-16,-1.14444243332586e-16,6.5658293821159
14.1963482972905,5.91435430199106e-17,2.02584295553611
12.0144655487525,-17.9097839976926,-4.69295446164427
-1.91884210085432,-9.6958632490702,-4.20432847563456
0,0,0
15.3104036074399,8.65868437847463,-0.576316022764287
8.27713402872447,-12.8991373469443,-5.89697376820577
-5.44965561821152,-5.50376045212845,-7.31090336603199
-3.39602714316318e-16,-1.13509776851003e-16,6.5658293821159
14.1963482972905,5.59220576177933e-17,2.02584295553611
12.2146645073136,-17.9371111529647,-4.68890248311457
-1.68902212188733,-9.7229204903846,-4.19347075678452
0,0,0
15.3104036074399,8.65868437847463,-0.576316022764287
8.47098752406223,-12.9420241517994,-6.0042718393258
-5.33572911855596,-5.65524662216232,-7.29832645916052
-3.49359399210869e-16,-1.12575310369421e-16,6.5658293821159
14.1963482972905,5.27005722156759e-17,2.02584295553611
12.4134549570492,-17.9624758669414,-4.68499326192793
-1.45880109723827,-9.74499672052996,-4.18160719348724
0,0,0
15.3104036074399,8.65868437847463,-0.576316022764287
8.66344609606463,-12.9831599703492,-6.10912227656689
-5.2211372087152,-5.80543911700844,-7.28327534808689
-3.5911608410542e-16,-1.11640843887838e-16,6.5658293821159
14.1963482972905,4.94790868135586e-17,2.02584295553611
12.6131439320077,-17.9861877196657,-4.681242766457
-1.2256833617293,-9.76239813475037,-4.16862431670979
0,0,0
15.3104036074399,8.65868437847463,-0.576316022764287
8.85664807076849,-13.0230358047575,-6.21267638671407
-5.10446134078175,-5.95601643468361,-7.26559919133033
-3.68872768999971e-16,-1.10706377406256e-16,6.5658293821159
14.1963482972905,4.62576014114413e-17,2.02584295553611
12.8114382114299,-18.0079719859207,-4.67775008584903
-0.992519182913933,-9.77495397669129,-4.15467939967728
0,0,0
15.3104036074399,8.65868437847463,-0.576316022764287
9.04828333395291,-13.0611906222011,-6.31367355563847
-4.98693523468391,-6.10517044311112,-7.24550493942969
-3.78629453894523e-16,-1.09771910924673e-16,6.5658293821159
14.1963482972905,4.3036116009324e-17,2.02584295553611
13.0106800426383,-18.0281101648508,-4.67452123344391
-0.756768519884117,-9.78294054581047,-4.13962637262982
0,0,0
15.3104036074399,8.65868437847463,-0.576316022764287
9.24053075141483,-13.0980925325473,-6.41327251142393
-4.86709049811918,-6.25457477796109,-7.22280519279764
-3.88386138789074e-16,-1.08837444443091e-16,6.5658293821159
14.1963482972905,3.98146306072067e-17,2.02584295553611
13.2085774437249,-18.0463897532158,-4.67163717930196
-0.521354303549031,-9.78640309602833,-4.12364665891701
0,0,0
15.3104036074399,8.65868437847463,-0.576316022764287
9.4310969191577,-13.1333309728463,-6.51029056431064
-4.74624227043185,-6.40239629171258,-7.19781500007261
-3.98142823683626e-16,-1.07902977961508e-16,6.5658293821159
14.1963482972905,3.65931452050893e-17,2.02584295553611
13.4075108563239,-18.062949293923,-4.66913502370692
-0.283602930132874,-9.78529174624881,-4.10647894028344
0,0,0
15.3104036074399,8.65868437847463,-0.576316022764287
9.62215280958294,-13.167261302176,-6.60571671039895
-4.62281624239246,-6.55018945559475,-7.17016863079537
-4.07899508578177e-16,-1.06968511479925e-16,6.5658293821159
14.1963482972905,3.3371659802972e-17,2.02584295553611
13.6051340425534,-18.0774820760198,-4.66710815891789
-0.0465308481516468,-9.77952901690571,-4.08824247224858
0,0,0
15.3104036074399,8.65868437847463,-0.576316022764287
9.81133257219735,-13.1993811151584,-6.69826378778303
-4.49803541001572,-6.69603301405941,-7.14008012763482
-4.17656193472728e-16,-1.06034044998343e-16,6.5658293821159
14.1963482972905,3.01501744008547e-17,2.02584295553611
13.8038117563463,-18.0902491198902,-4.66554308470144
0.192376487501537,-9.76947392116671,-4.06875394439691
0,0,0
15.3104036074399,8.65868437847463,-0.576316022764287
10.0008557990656,-13.2301360052125,-6.78912111822158
-4.37040546811689,-6.84157574861466,-7.10736036334696
-4.2741287836728e-16,-1.0509957851676e-16,6.5658293821159
14.1963482972905,2.69286889987373e-17,2.02584295553611
14.001299268644,-18.1011022770661,-4.66448496461375
0.430157125995198,-9.75545776037471,-4.04820612936707
0,0,0
15.3104036074399,8.65868437847463,-0.576316022764287
10.1885152851888,-13.2591647864167,-6.8772366794523
-4.24130363779693,-6.98501028940778,-7.07243577247123
-4.37169563261831e-16,-1.04165112035178e-16,6.5658293821159
14.1963482972905,2.370720359662e-17,2.02584295553611
14.1999413594705,-18.1101424610743,-4.66394995838971
0.669367167000172,-9.73750943292767,-4.02630876488987
0,0,0
15.3104036074399,8.65868437847463,-0.576316022764287
10.3764705449125,-13.2867771801745,-6.96361104838218
-4.10911755909084,-7.12785266926263,-7.0349266863891
-4.46926248156382e-16,-1.03230645553595e-16,6.5658293821159
14.1963482972905,2.04857181945027e-17,2.02584295553611
14.3975390699222,-18.1172603682865,-4.66396170134696
0.907092160490028,-9.71608204482569,-4.00326911753634
0,0,0
15.3104036074399,8.65868437847463,-0.576316022764287
10.5625889339767,-13.3126478919343,-7.04727306505318
-3.97527180704509,-7.26834759427834,-6.99531428092583
-4.56682933050934e-16,-1.02296179072012e-16,6.5658293821159
14.1963482972905,1.72642327923854e-17,2.02584295553611
14.5963977193542,-18.1225061056298,-4.66453971999224
1.14583416369329,-9.69115799002945,-3.97876694723718
0,0,0
15.3104036074399,8.65868437847463,-0.576316022764287
10.7489868052943,-13.3370386078614,-7.12916290220255
-3.838154476235,-7.40793801316853,-6.95318151402973
-4.66439617945485e-16,-1.0136171259043e-16,6.5658293821159
14.1963482972905,1.4042747390268e-17,2.02584295553611
14.794377443791,-18.1258091881357,-4.66568626002336
1.38276440067496,-9.66328293756644,-3.95302978744123
0,0,0
15.3104036074399,8.65868437847463,-0.576316022764287
10.933621006532,-13.3596632419357,-7.208392815546
-3.69923383680865,-7.54494798908272,-6.90905437109017
-4.76196302840036e-16,-1.00427246108847e-16,6.5658293821159
14.1963482972905,1.08212619881507e-17,2.02584295553611
14.993723513874,-18.1271699699952,-4.66742458330273
1.62030449257998,-9.63239577127492,-3.9257168714632
0,0,0
15.3104036074399,8.65868437847463,-0.576316022764287
11.1185447957165,-13.3807353641481,-7.28583361011653
-3.5569178622079,-7.68073806100839,-6.86248488310397
-4.85952987734588e-16,-9.94927796272647e-17,6.5658293821159
14.1963482972905,7.5997765860334e-18,2.02584295553611
15.1923668384083,-18.1265563015548,-4.66973629470265
1.85574463002392,-9.59910226992821,-3.89708242825832
0,0,0
15.3104036074399,8.65868437847463,-0.576316022764287
11.3018160602189,-13.400011008379,-7.36068148289205
-3.41270968482601,-7.81373646569019,-6.81403234479688
-4.95709672629139e-16,-9.85583131456821e-17,6.5658293821159
14.1963482972905,4.37829118391608e-18,2.02584295553611
15.3924730521576,-18.1239213163973,-4.67264786495418
2.09140089160101,-9.56330163022794,-3.86677635176848
0,0,0
15.3104036074399,8.65868437847463,-0.576316022764287
11.4854067746705,-13.4176571594322,-7.43373145571364
-3.26505503932241,-7.94521428193445,-6.76322503810198
-5.0546635752369e-16,-9.76238466640995e-17,6.5658293821159
14.1963482972905,1.15680578179876e-18,2.02584295553611
15.5920544184118,-18.1192701764333,-4.67612156216136
2.32471008466408,-9.52562763575039,-3.83508497996792
0,0,0
15.3104036074399,8.65868437847463,-0.576316022764287
11.6674846819691,-13.4334742132681,-7.50426281535588
-3.11547758501499,-8.07372416936444,-6.71064349290867
-5.15223042418242e-16,-9.66893801825169e-17,6.5658293821159
14.1963482972905,-2.06467962031856e-18,2.02584295553611
15.793179084364,-18.1125126717451,-4.68018581038537
2.55786025328988,-9.4859448187605,-3.8016605726327
0,0,0
15.3104036074399,8.65868437847463,-0.576316022764287
11.8499246917423,-13.4475855709816,-7.57299110062048
-2.96247642154231,-8.20044242573185,-6.65580019954467
-5.24979727312793e-16,-9.57549137009344e-17,6.5658293821159
14.1963482972905,-5.28616502243588e-18,2.02584295553611
15.9939505883225,-18.103689579839,-4.68478539798816
2.78845683403102,-9.44488609532864,-3.76682431282119
0,0,0
15.3104036074399,8.65868437847463,-0.576316022764287
12.0310110775165,-13.459837228516,-7.63927689246081
-2.80757666443167,-8.32406025627389,-6.59928520268896
-5.34736412207344e-16,-9.48204472193518e-17,6.5658293821159
14.1963482972905,-8.5076504245532e-18,2.02584295553611
16.1963239742643,-18.0926723840828,-4.68994897284911
3.01854122029898,-9.40228759801348,-3.73024174968064
0,0,0
15.3104036074399,8.65868437847464,-0.576316022764287
12.212508634925,-13.4703132093895,-7.70375516217034
-2.64934394980126,-8.44565509623048,-6.54060394030689
-5.44493097101896e-16,-9.38859807377692e-17,6.5658293821159
14.1963482972905,-1.17291358266706e-17,2.02584295553611
16.3985035082718,-18.0795350003335,-4.69560624633642
3.24590427454318,-9.35875761553014,-3.69226779550389
0,0,0
15.3104036074399,8.65868437847464,-0.576316022764287
12.3928231251826,-13.4789050375357,-7.76586527436166
-2.48928271263047,-8.56406401473644,-6.48034532359447
-5.54249781996447e-16,-9.29515142561866e-17,6.5658293821159
14.1963482972905,-1.49506212287879e-17,2.02584295553611
16.6023179804111,-18.0641165889262,-4.70178416496308
3.47242689313999,-9.31411108445223,-3.65259036334685
0,0,0
15.3104036074399,8.65868437847464,-0.576316022764287
12.5735989250568,-13.4856624279444,-7.82616285082593
-2.32603616617594,-8.68026249179229,-6.41801714076288
-5.64006466890998e-16,-9.2017047774604e-17,6.5658293821159
14.1963482972905,-1.81721066309052e-17,2.02584295553611
16.8060813153171,-18.0465208891525,-4.70840025365757
3.69609743953133,-9.26891382480393,-3.6115927517229
0,0,0
15.3104036074399,8.65868437847464,-0.576316022764287
12.7533667792754,-13.4905208477402,-7.88416288385133
-2.16106497052462,-8.79323425582397,-6.35419799546358
-5.7376315178555e-16,-9.10825812930214e-17,6.5658293821159
14.1963482972905,-2.13935920330225e-17,2.02584295553611
17.0114853847046,-18.0265614447695,-4.71547788327197
3.91862758484595,-9.2229671903161,-3.56899184179627
0,0,0
15.3104036074399,8.65868437847464,-0.576316022764287
12.9336429020188,-13.4935012740867,-7.94034472922945
-1.99309932446563,-8.9038507815423,-6.28840781981791
-5.83519836680101e-16,-9.01481148114389e-17,6.5658293821159
14.1963482972905,-2.46150774351398e-17,2.02584295553611
17.2169619819159,-18.0043676724323,-4.72292564185792
4.13821092114436,-9.17678253051048,-3.52519022715457
0,0,0
15.3104036074399,8.65868437847464,-0.576316022764287
13.1130852367568,-13.4945799686867,-7.99429519606996
-1.82353408318616,-9.01123780455913,-6.22120728554938
-5.93276521574652e-16,-8.92136483298563e-17,6.5658293821159
14.1963482972905,-2.78365628372572e-17,2.02584295553611
17.4240577889683,-17.9797347008055,-4.73076168480233
4.35638606131738,-9.13015506602491,-3.47993777042321
0,0,0
15.3104036074399,8.65868437847464,-0.576316022764287
13.2930764014957,-13.493754909853,-8.04642184772097
-1.65119465676521,-9.11616206819652,-6.15213825256179
-6.03033206469204e-16,-8.82791818482737e-17,6.5658293821159
14.1963482972905,-3.10580482393745e-17,2.02584295553611
17.6313297452906,-17.9528127081754,-4.73888908262969
4.57155544369578,-9.08353485956132,-3.43364466252579
0,0,0
15.3104036074399,8.65868437847464,-0.576316022764287
13.4724026680059,-13.4910385539134,-8.0963788334663
-1.47739066395435,-9.21788274960566,-6.08173720833998
-6.12789891363755e-16,-8.73447153666911e-17,6.5658293821159
14.1963482972905,-3.42795336414918e-17,2.02584295553611
17.8401733243764,-17.9233858792948,-4.74731948363748
4.7850850018401,-9.03671782982482,-3.38609546177173
0,0,0
15.3104036074399,8.65868437847464,-0.576316022764287
13.6523096893398,-13.4864115142918,-8.14450733860001
-1.30105003194626,-9.31706280434946,-6.00957725629948
-6.22546576258306e-16,-8.64102488851085e-17,6.5658293821159
14.1963482972905,-3.75010190436091e-17,2.02584295553611
18.0492768190249,-17.8916195689685,-4.75595381186441
4.9955857268733,-8.99009019313004,-3.33769512021548
0,0,0
15.3104036074399,8.65868437847464,-0.576316022764287
13.8317123525327,-13.4799166426811,-8.19052374640028
-1.12338117850955,-9.41308398687438,-5.93616550673815
-6.32303261152858e-16,-8.54757824035259e-17,6.5658293821159
14.1963482972905,-4.07225044457265e-17,2.02584295553611
18.2598805574195,-17.8572945473838,-4.7647963184417
5.20425450905587,-8.94345452262743,-3.28826284451108
0,0,0
15.3104036074399,8.65868437847464,-0.576316022764287
14.0117178082583,-13.4715225209068,-8.2347088349574
-0.943421001069924,-9.50650832472442,-5.86111472489563
-6.42059946047409e-16,-8.45413159219434e-17,6.5658293821159
14.1963482972905,-4.39439898478438e-17,2.02584295553611
18.4708092863905,-17.820585214862,-4.773748894319
5.40990697641941,-8.89713389556164,-3.2381858189889
0,0,0
15.3104036074399,8.65868437847464,-0.576316022764287
14.1913692712069,-13.4612957418519,-8.27683558546273
-0.762264452532278,-9.59682838169895,-5.78489817840836
-6.5181663094196e-16,-8.36068494403608e-17,6.5658293821159
14.1963482972905,-4.71654752499611e-17,2.02584295553611
18.6831461131864,-17.7812763355817,-4.78280791483754
5.6135768416212,-8.85094255819946,-3.18731670104992
0,0,0
15.3104036074399,8.65868437847464,-0.576316022764287
14.3716354251604,-13.4491977759945,-8.31713059317988
-0.579062951450388,-9.68451007838024,-5.70717548716785
-6.61573315836512e-16,-8.26723829587782e-17,6.5658293821159
14.1963482972905,-5.03869606520785e-17,2.02584295553611
18.8958562810765,-17.7395448132782,-4.791878923601
5.81427730037651,-8.80514348753802,-3.13601384623591
0,0,0
15.3104036074399,8.65868437847464,-0.576316022764287
14.5516871977566,-13.4353118293628,-8.3554174245707
-0.394789176810988,-9.76914512881702,-5.62838206733479
-6.71330000731063e-16,-8.17379164771956e-17,6.5658293821159
14.1963482972905,-5.36084460541958e-17,2.02584295553611
19.1098651637047,-17.6951865681855,-4.80095033732961
6.01288604053867,-8.75956675268537,-3.08416156971562
0,0,0
15.3104036074399,8.65868437847464,-0.576316022764287
14.7323560914076,-13.4195967347277,-8.39187475043259
-0.208713651539143,-9.85110995344781,-5.54823017384174
-6.81086685625614e-16,-8.0803449995613e-17,6.5658293821159
14.1963482972905,-5.68299314563131e-17,2.02584295553611
19.3242815916527,-17.6483741900274,-4.80993349689783
6.2086042715028,-8.71441976687105,-3.0320805449474
0,0,0
15.3104036074399,8.65868437847464,-0.576316022764287
14.9129400003164,-13.4021450742286,-8.42637051616835
-0.0216808891822843,-9.93008446970479,-5.46711364313747
-6.90843370520166e-16,-7.98689835140304e-17,6.5658293821159
14.1963482972905,-6.00514168584304e-17,2.02584295553611
19.5398738732734,-17.5989216129913,-4.81880914685458
6.40216133060685,-8.66955182960723,-2.97968478269166
0,0,0
15.3104036074399,8.65868437847464,-0.576316022764287
15.0941353815751,-13.3829171025552,-8.45904161684802
0.166915874858325,-10.0063636410461,-5.3848016911994
-7.00600055414717e-16,-7.89345170324479e-17,6.5658293821159
14.1963482972905,-6.32729022605477e-17,2.02584295553611
19.7558967135681,-17.5469901448555,-4.8274959754278
6.59293521997596,-8.62512010792833,-2.92725093419378
0,0,0
15.3104036074399,8.65868437847464,-0.576316022764287
15.2753663595004,-13.3620077383426,-8.48979416061302
0.356363934237333,-10.0797056125694,-5.30164304133157
-7.10356740309268e-16,-7.80000505508653e-17,6.5658293821159
14.1963482972905,-6.64943876626651e-17,2.02584295553611
19.9729627618316,-17.4924183008563,-4.8359676837265
6.78151456114203,-8.58099592728409,-2.87472085170089
0,0,0
15.3104036074399,8.65868437847464,-0.576316022764287
15.4571968784276,-13.3393823843602,-8.51872922574949
0.547144628861388,-10.1503329269805,-5.21746682113778
-7.2011342520382e-16,-7.70655840692827e-17,6.5658293821159
14.1963482972905,-6.97158730647824e-17,2.02584295553611
20.1904742632895,-17.4353490889542,-4.8441512614883
6.96744213407957,-8.5372917164119,-2.82232327966514
0,0,0
15.3104036074399,8.65868437847464,-0.576316022764287
15.6391766755491,-13.3151316746409,-8.54578501578104
0.738679136527793,-10.2180729707415,-5.13257328121302
-7.29870110098371e-16,-7.61311175877001e-17,6.5658293821159
14.1963482972905,-7.29373584668997e-17,2.02584295553611
20.4088898919708,-17.3756519564475,-4.85201431600679
7.15117306444559,-8.4939031176958,-2.7700263098881
0,0,0
15.3104036074399,8.65868437847464,-0.576316022764287
15.8217396480526,-13.2892296612036,-8.57103253024976
0.931321399880908,-10.2830854388987,-5.04685319707222
-7.39626794992922e-16,-7.51966511061175e-17,6.5658293821159
14.1963482972905,-7.6158843869017e-17,2.02584295553611
20.6277606907975,-17.3134446085626,-4.85949253226202
7.33240292540963,-8.45090306251299,-2.71800904482899
0,0,0
15.3104036074399,8.65868437847464,-0.576316022764287
16.0045607520302,-13.2617566170812,-8.5944362645287
1.12462762453569,-10.3452588421576,-4.96055517595865
-7.49383479887474e-16,-7.42621846245349e-17,6.5658293821159
14.1963482972905,-7.93803292711343e-17,2.02584295553611
20.8473928921418,-17.2486336768208,-4.86654868046908
7.51145992169567,-8.40821337812694,-2.66626451077033
0,0,0
15.3104036074399,8.65868437847464,-0.576316022764287
16.1879458135979,-13.232698637962,-8.61604266051822
1.31882292107167,-10.4046997309193,-4.87363236500659
-7.59140164782025e-16,-7.33277181429523e-17,6.5658293821159
14.1963482972905,-8.26018146732517e-17,2.02584295553611
21.067487418159,-17.1813045996535,-4.87312702916064
7.68818115515072,-8.36587215210097,-2.61492214782702
0,0,0
15.3104036074399,8.65868437847464,-0.576316022764287
16.3716949528497,-13.2021201416962,-8.63583702793994
1.51359927019853,-10.4613503122292,-4.78627877696344
-7.68896849676576e-16,-7.23932516613698e-17,6.5658293821159
14.1963482972905,-8.5823300075369e-17,2.02584295553611
21.2881990913186,-17.1114074825884,-4.87918706815783
7.86277371187002,-8.32382890398666,-2.56399889084073
0,0,0
15.3104036074399,8.65868437847464,-0.576316022764287
16.5559870711778,-13.1700226690927,-8.65384658223369
1.70905184329104,-10.5152735029886,-4.69850984811596
-7.78653534571128e-16,-7.14587851797872e-17,6.5658293821159
14.1963482972905,-8.90447854774864e-17,2.02584295553611
21.5093798491478,-17.0389885585527,-4.88468109115658
8.03520618236957,-8.28209075490944,-2.51357575011578
0,0,0
15.3104036074399,8.65868437847464,-0.576316022764287
16.740747864565,-13.1364498376404,-8.67007230593511
1.90500916531609,-10.5664582791162,-4.61046230280303
-7.88410219465679e-16,-7.05243186982046e-17,6.5658293821159
14.1963482972905,-9.22662708796037e-17,2.02584295553611
