0,0,-4
10.4258342913045,-1.47041628676898,8.36926072803578
-0.651302527072917,-5.46334608546396,9.27985407687879
-14.2605841940071,-16.3557550585106,11.699832014957
0,0,3.23179411498476
10.520590966453,-7.12020914172164,12.276362663873
-3.57661800146524,-0.69675316312308,12.719655926263
-14.2605841940071,-8.94662907329948,6.3998303278128
0,0,-4
10.3228513140363,-1.45479258032371,8.37090441695831
-0.740542746421193,-5.43503055789399,9.31798998630236
-14.2605841940071,-16.3557550585106,11.699832014957
0,0,3.23179411498476
10.4171947040209,-7.05059557408747,12.2801365888599
-3.68046330960567,-0.691417406194653,12.7242619596803
-14.2605841940071,-8.94662907329948,6.3998303278128
0,0,-4
10.2198732476897,-1.43918056206335,8.37255699755966
-0.829768147269748,-5.4067134533758,9.35614203024253
-14.2605841940071,-16.3557550585106,11.699832014957
0,0,3.23179411498476
10.3137957233598,-6.9809621643269,12.2839277648615
-3.78430575188135,-0.68609091501718,12.7288644299679
-14.2605841940071,-8.94662907329948,6.3998303278128
0,0,-4
10.1169001527267,-1.42358047041422,8.37421853480651
-0.9189785220022,-5.37839499245672,9.39431007235343
-14.2605841940071,-16.3557550585106,11.699832014957
0,0,3.23179411498476
10.2103939731839,-6.91130877051069,12.2877360806513
-3.88814491161455,-0.680774056899402,12.7334631393799
-14.2605841940071,-8.94662907329948,6.3998303278128
0,0,-4
10.0139316529772,-1.40799248283071,8.37588910049986
-1.00817403573852,-5.35007528442916,9.43249412707661
-14.2605841940071,-16.3557550585106,11.699832014957
0,0,3.23179411498476
10.1069889678012,-6.84163495587239,12.2915614277767
-3.99198079574016,-0.67546718517157,12.7380579047451
-14.2605841940071,-8.94662907329948,6.3998303278128
0,0,-4
9.91096802084419,-1.39241688026382,8.37756875575853
-1.09735428584034,-5.32175462601401,9.47069395698407
-14.2605841940071,-16.3557550585106,11.699832014957
0,0,3.23179411498476
10.0035808772556,-6.77194072308981,12.2954036598371
-4.09581273986762,-0.670170695262624,12.74264850897
-14.2605841940071,-8.94662907329948,6.3998303278128
0,0,-4
9.80800861831558,-1.37685381124605,8.37925757621584
-1.1865196519936,-5.29343307291699,9.50890965040839
-14.2605841940071,-16.3557550585106,11.699832014957
0,0,3.23179411498476
9.90016896216606,-6.70222545963722,12.2992626495993
-4.1996409796662,-0.664884944511495,12.7472347705222
-14.2605841940071,-8.94662907329948,6.3998303278128
0,0,-4
9.70505396745028,-1.36130360518496,8.38095561828729
-1.27566950249174,-5.26511100954351,9.54714085293309
-14.2605841940071,-16.3557550585106,11.699832014957
0,0,3.23179411498476
9.79675365359703,-6.63248933944095,12.3031382112219
-4.30346456231107,-0.659610358698678,12.7518164510979
-14.2605841940071,-8.94662907329948,6.3998303278128
0,0,-4
9.60210311454836,-1.34576637399673,8.3826629622274
-1.3648044765402,-5.23678842432856,9.58538774513581
-14.2605841940071,-16.3557550585106,11.699832014957
0,0,3.23179411498476
9.69333390615843,-6.56273153849174,12.3070301980544
-4.40728400373124,-0.654347296887929,12.7563933729498
-14.2605841940071,-8.94662907329948,6.3998303278128
0,0,-4
9.49915689477262,-1.33024250530316,8.38437965838717
-1.4539236569,-5.20846580799817,9.62364983002063
-14.2605841940071,-16.3557550585106,11.699832014957
0,0,3.23179411498476
9.58991047771091,-6.49295244626118,12.3109383793253
-4.51109799582698,-0.64909621868414,12.7609652735976
-14.2605841940071,-8.94662907329948,6.3998303278128
0,0,-4
9.39621395682933,-1.31473206249442,8.38610579286195
-1.54302801132682,-5.18014306036462,9.66192740914606
-14.2605841940071,-16.3557550585106,11.699832014957
0,0,3.23179411498476
9.48648193654375,-6.42315097260829,12.3148625892121
-4.61490741440978,-0.643857481165454,12.7655319824779
-14.2605841940071,-8.94662907329948,6.3998303278128
0,0,-4
9.29327554264945,-1.29923550562941,8.38784140795955
-1.63211625430053,-5.15182080546717,9.7002198059646
-14.2605841940071,-16.3557550585106,11.699832014957
0,0,3.23179411498476
9.38304946371663,-6.35332778761369,12.3188025450882
-4.71871049862688,-0.638631582668692,12.7700932086828
-14.2605841940071,-8.94662907329948,6.3998303278128
0,0,-4
9.19033978797482,-1.28375283265673,8.38958659735904
-1.7211897798715,-5.12349882398885,9.73852748417782
-14.2605841940071,-16.3557550585106,11.699832014957
0,0,3.23179411498476
9.27961112746652,-6.28348145773502,12.3227580633104
-4.8225085973276,-0.633418872900155,12.7746487937149
-14.2605841940071,-8.94662907329948,6.3998303278128
0,0,-4
9.08740847170146,-1.26828459566575,8.39134139257797
-1.81024681976002,-5.09517791036314,9.77684953695039
-14.2605841940071,-16.3557550585106,11.699832014957
0,0,3.23179411498476
9.17616866547143,-6.213613023863,12.3267288007529
-4.92629936243102,-0.628219895546162,12.7791984124424
-14.2605841940071,-8.94662907329948,6.3998303278128
0,0,-4
8.98447906045471,-1.25283070417307,8.39310589727258
-1.89928932705248,-5.06685768447224,9.81518664647824
-14.2605841940071,-16.3557550585106,11.699832014957
0,0,3.23179411498476
9.07271949141114,-6.14372060415378,12.330714558715
-5.03008476986983,-0.623034985544749,12.783741925108
-14.2605841940071,-8.94662907329948,6.3998303278128
0,0,-4
8.88155404514429,-1.2373918284551,8.39488012845803
-1.98831489733605,-5.03853916059157,9.85353760800504
-14.2605841940071,-16.3557550585106,11.699832014957
0,0,3.23179411498476
8.9692660784259,-6.07380573139551,12.3347149228406
-5.13386170449644,-0.617864740620949,12.7882789646769
-14.2605841940071,-8.94662907329948,6.3998303278128
0,0,-4
8.77863001693263,-1.22196775915997,8.39666420297798
-2.07732621855554,-5.01022174238233,9.89190339731433
-14.2605841940071,-16.3557550585106,11.699832014957
0,0,3.23179411498476
8.86580498089361,-6.00386593646223,12.3387296839392
-5.23763297372464,-0.612709471114114,12.7928094189909
-14.2605841940071,-8.94662907329948,6.3998303278128
0,0,-4
8.675710409163,-1.20655931897558,8.39845811841997
-2.16632004884518,-4.98190672865165,9.93028242324068
-14.2605841940071,-16.3557550585106,11.699832014957
0,0,3.23179411498476
8.76233964231083,-5.93390340328062,12.3427583431516
-5.34139445957091,-0.60756984000101,12.7973328691219
-14.2605841940071,-8.94662907329948,6.3998303278128
0,0,-4
8.57279066927966,-1.19116614010071,8.40026200905167
-2.25530003997124,-4.95359323446063,9.96867605340959
-14.2605841940071,-16.3557550585106,11.699832014957
0,0,3.23179411498476
8.65886549098251,-5.86391489434294,12.3468006876613
-5.44515006744936,-0.602446120240549,12.8018492420406
-14.2605841940071,-8.94662907329948,6.3998303278128
0,0,-4
8.46987547178126,-1.17578924176949,8.40207584658806
-2.3442618522354,-4.92528292660867,10.0070821960408
-14.2605841940071,-16.3557550585106,11.699832014957
0,0,3.23179411498476
8.55538724476239,-5.793903451046,12.3508561177375
-5.54889437186594,-0.597339054344513,12.8063580541041
-14.2605841940071,-8.94662907329948,6.3998303278128
0,0,-4
8.36695877600346,-1.1604280469543,8.40389978824424
-2.43321039554038,-4.89697453832556,10.0455027373859
-14.2605841940071,-16.3557550585106,11.699832014957
0,0,3.23179411498476
8.45189886276208,-5.72386483450414,12.3549244266952
-5.65263271915879,-0.59224886154453,12.8108592861932
-14.2605841940071,-8.94662907329948,6.3998303278128
0,0,-4
8.2640468801755,-1.1450838276854,8.40573377152414
-2.52213989956707,-4.86867021086939,10.08393493928
-14.2605841940071,-16.3557550585106,11.699832014957
0,0,3.23179411498476
8.34840672599898,-5.65380320776142,12.3590048938111
-5.75635798716042,-0.587176381883701,12.8153523736781
-14.2605841940071,-8.94662907329948,6.3998303278128
0,0,-4
8.16113181806107,-1.1297557333083,8.40757798371673
-2.61105690655029,-4.84036817692908,10.1223813683049
-14.2605841940071,-16.3557550585106,11.699832014957
0,0,3.23179411498476
8.24490288786163,-5.58371303400093,12.3630973318931
-5.86007739944992,-0.582121760243641,12.819837370064
-14.2605841940071,-8.94662907329948,6.3998303278128
0,0,-4
8.05822199640682,-1.11444535960112,8.40943231743586
-2.69995379461846,-4.81207118668041,10.16083845568
-14.2605841940071,-16.3557550585106,11.699832014957
0,0,3.23179411498476
8.14139588467008,-5.51359993264436,12.3672008745889
-5.96378164516897,-0.577085956646235,12.8243136092921
-14.2605841940071,-8.94662907329948,6.3998303278128
0,0,-4
7.95530697305746,-1.09915150144005,8.41129699915059
-2.78883920939333,-4.78377682268602,10.1993096524146
-14.2605841940071,-16.3557550585106,11.699832014957
0,0,3.23179411498476
8.0378753141876,-5.44345669516938,12.3713153719929
-6.06748037469462,-0.5720690159197,12.8287812409237
-14.2605841940071,-8.94662907329948,6.3998303278128
0,0,-4
7.85239787157747,-1.08387616698442,8.41317186303857
-2.87770315014823,-4.75548861225936,10.2377903284237
-14.2605841940071,-16.3557550585106,11.699832014957
0,0,3.23179411498476
7.93435248499912,-5.37329081741942,12.3754397820985
-6.17116147233487,-0.567072045791655,12.833239472035
-14.2605841940071,-8.94662907329948,6.3998303278128
0,0,-4
7.74948108787759,-1.06861769614172,8.41505718627684
-2.96655695330962,-4.72720330118515,10.2762850742237
-14.2605841940071,-16.3557550585106,11.699832014957
0,0,3.23179411498476
7.83081385300251,-5.30309295242887,12.3795740154577
-6.27483770085124,-0.56209495936221,12.8376885772765
-14.2605841940071,-8.94662907329948,6.3998303278128
0,0,-4
7.64657121845946,-1.05337861913845,8.41695272758176
-3.0553875848657,-4.69892540245398,10.3147879121653
-14.2605841940071,-16.3557550585106,11.699832014957
0,0,3.23179411498476
7.72727426534305,-5.232872994681,12.3837168180246
-6.37849337523602,-0.557139045978741,12.8421276055126
-14.2605841940071,-8.94662907329948,6.3998303278128
0,0,-4
7.54365064985711,-1.03815669715641,8.41885882929767
-3.14420979784978,-4.67065059438047,10.3533048880389
-14.2605841940071,-16.3557550585106,11.699832014957
0,0,3.23179411498476
7.62371618750207,-5.16261888123024,12.3878681904087
-6.48214521796929,-0.552204048405172,12.846556992093
-14.2605841940071,-8.94662907329948,6.3998303278128
0,0,-4
7.44073838270246,-1.02295511697071,8.42077515347613
-3.23300672018379,-4.64238463181214,10.3918283245963
-14.2605841940071,-16.3557550585106,11.699832014957
0,0,3.23179411498476
7.52015894828484,-5.09234354852233,12.3920266227231
-6.58577303482643,-0.547291478678526,12.8509755894058
-14.2605841940071,-8.94662907329948,6.3998303278128
0,0,-4
7.33781175667031,-1.00777091006646,8.42270212559626
-3.32179741011169,-4.61412184314842,10.4303661101193
-14.2605841940071,-16.3557550585106,11.699832014957
0,0,3.23179411498476
7.41657998304177,-5.02203150944601,12.396192242807
-6.68939854558619,-0.542400862674259,12.8553840367418
-14.2605841940071,-8.94662907329948,6.3998303278128
0,0,-4
7.23489531279889,-0.992608083117877,8.42463928487856
-3.41056017685752,-4.58586953692982,10.4689084387453
-14.2605841940071,-16.3557550585106,11.699832014957
0,0,3.23179411498476
7.31300425236521,-4.95169952770514,12.4003632325983
-6.79299590177256,-0.53753398434793,12.8597809437561
-14.2605841940071,-8.94662907329948,6.3998303278128
0,0,-4
7.13196008520644,-0.977462755471938,8.42658716205043
-3.49931946182859,-4.55762034908451,10.5074655116202
-14.2605841940071,-16.3557550585106,11.699832014957
0,0,3.23179411498476
7.20940289916007,-4.88132783151328,12.4045398931138
-6.89659307924681,-0.53269009716228,12.8641672056671
-14.2605841940071,-8.94662907329948,6.3998303278128
0,0,-4
7.02903752907917,-0.962339950256438,8.4285451415095
-3.588047571644,-4.52938351792891,10.5460248762147
-14.2605841940071,-16.3557550585106,11.699832014957
0,0,3.23179411498476
7.10580790554042,-4.8109379616491,12.4087200361146
-7.00015719318441,-0.527871315380505,12.868541134029
-14.2605841940071,-8.94662907329948,6.3998303278128
0,0,-4
6.9260908598185,-0.947234656297217,8.43051388618159
-3.67677562641336,-4.50114957539921,10.5845996125156
-14.2605841940071,-16.3557550585106,11.699832014957
0,0,3.23179411498476
7.00218260353037,-4.74050482564819,12.4129041917395
-7.10372398840957,-0.523076554553501,12.8729039418552
-14.2605841940071,-8.94662907329948,6.3998303278128
0,0,-4
6.82316009212683,-0.932153147430584,8.43249258689619
-3.76546851415808,-4.47293013889977,10.6231740015774
-14.2605841940071,-16.3557550585106,11.699832014957
0,0,3.23179411498476
6.89856766042628,-4.67005587951765,12.4170897288045
-7.20725189108679,-0.518308327753794,12.8772535769933
-14.2605841940071,-8.94662907329948,6.3998303278128
0,0,-4
6.72019882046677,-0.917089023068997,8.43448207129055
-3.854165576099,-4.4447131467571,10.6617646767118
-14.2605841940071,-16.3557550585106,11.699832014957
0,0,3.23179411498476
6.79491678794993,-4.59955947444956,12.4212774736914
-7.31078621604296,-0.513565136221203,12.8815916431253
-14.2605841940071,-8.94662907329948,6.3998303278128
0,0,-4
6.61725757114941,-0.902050084236034,8.43648129015779
-3.94282260414167,-4.41651312712711,10.7003519181826
-14.2605841940071,-16.3557550585106,11.699832014957
0,0,3.23179411498476
6.69128131135033,-4.52905033266675,12.4254642677416
-7.41427474302459,-0.508849971297775,12.8859156474591
-14.2605841940071,-8.94662907329948,6.3998303278128
0,0,-4
6.51427819144748,-0.887028237020256,8.43849127465837
-4.03148897935723,-4.38831484788899,10.7389567085842
-14.2605841940071,-16.3557550585106,11.699832014957
0,0,3.23179411498476
6.58760318643473,-4.45848878919725,12.4296513129373
-7.51777448026169,-0.504160831828615,12.8902276692812
-14.2605841940071,-8.94662907329948,6.3998303278128
0,0,-4
6.41132401301869,-0.8720331327134,8.44051068038108
-4.12010942941269,-4.36013637090039,10.7775544656402
-14.2605841940071,-16.3557550585106,11.699832014957
0,0,3.23179411498476
6.48394671318273,-4.38791842069922,12.433834826062
-7.62122026524695,-0.499501278515771,12.8945246859019
-14.2605841940071,-8.94662907329948,6.3998303278128
0,0,-4
6.30832265159342,-0.857054630893477,8.44254078783135
-4.20874549882631,-4.33195862078885,10.8161714511902
-14.2605841940071,-16.3557550585106,11.699832014957
0,0,3.23179411498476
6.38023959543399,-4.31728983812371,12.4380164771345
-7.72468327840231,-0.494868707471032,12.8988093501449
-14.2605841940071,-8.94662907329948,6.3998303278128
0,0,-4
6.2053529129092,-0.84210460682822,8.44457989258807
-4.29732856481463,-4.30380391569311,10.8547772192779
-14.2605841940071,-16.3557550585106,11.699832014957
0,0,3.23179411498476
6.27656180185188,-4.24665732133162,12.4421917482533
-7.82808274897005,-0.490267351898397,12.9030780070013
-14.2605841940071,-8.94662907329948,6.3998303278128
0,0,-4
6.10232530706861,-0.827170467344635,8.44662957797451
-4.38593479003756,-4.27564856029124,10.8934043864396
-14.2605841940071,-16.3557550585106,11.699832014957
0,0,3.23179411498476
6.17282389610326,-4.17595977889057,12.446362883505
-7.93150689399543,-0.485693892306526,12.9073339944936
-14.2605841940071,-8.94662907329948,6.3998303278128
0,0,-4
5.99933718771804,-0.812266739449086,8.44868770428005
-4.47447957254535,-4.2475199584806,10.9320154918868
-14.2605841940071,-16.3557550585106,11.699832014957
0,0,3.23179411498476
6.06912461636711,-4.10526432422644,12.4505245070747
-8.03485627027318,-0.481153349682795,12.9115729091039
-14.2605841940071,-8.94662907329948,6.3998303278128
0,0,-4
5.89627866814708,-0.797377914888252,8.45075621927966
-4.56305650129636,-4.2193889078071,10.9706507375183
-14.2605841940071,-16.3557550585106,11.699832014957
0,0,3.23179411498476
5.96535407847644,-4.03449589543802,12.4546795567971
-8.13823940715563,-0.476641563634924,12.9157988999067
-14.2605841940071,-8.94662907329948,6.3998303278128
0,0,-4
5.79326915374627,-0.782521656782175,8.45283246156531
-4.65156200430702,-4.19128883995027,11.0092643380874
-14.2605841940071,-16.3557550585106,11.699832014957
0,0,3.23179411498476
5.86163332207056,-3.96373686886936,12.4588216631276
-8.24153470423915,-0.472164470023859,12.9200066846197
-14.2605841940071,-8.94662907329948,6.3998303278128
0,0,-4
5.69017463167363,-0.767679021375284,8.45491881346798
-4.74011027514848,-4.16318404297907,11.0479054738928
-14.2605841940071,-16.3557550585106,11.699832014957
0,0,3.23179411498476
5.7578282672552,-3.89289563927983,12.462954590434
-8.34487470897722,-0.467716930398993,12.9242013635178
-14.2605841940071,-8.94662907329948,6.3998303278128
0,0,-4
5.58714051046049,-0.752871350281187,8.45701199396837
-4.82857540578321,-4.13511503434734,11.0865185616681
-14.2605841940071,-16.3557550585106,11.699832014957
0,0,3.23179411498476
5.65408623471864,-3.82207258647603,12.4670708282646
-8.44811174400437,-0.463305933561211,12.9283766313376
-14.2605841940071,-8.94662907329948,6.3998303278128
0,0,-4
5.48400447124578,-0.73807568506096,8.45911489855067
-4.91709575194392,-4.10703847300135,11.1251633192373
-14.2605841940071,-16.3557550585106,11.699832014957
0,0,3.23179411498476
5.55024474878327,-3.75115667519973,12.4711751121181
-8.55140652059749,-0.458925215099185,12.9325386936598
-14.2605841940071,-8.94662907329948,6.3998303278128
0,0,-4
5.38094233253096,-0.723317646127933,8.46122351718319
-5.00551932401708,-4.07900313669055,11.1637727262561
-14.2605841940071,-16.3557550585106,11.699832014957
0,0,3.23179411498476
5.44648184485182,-3.68026934579207,12.4752586341883
-8.65458092543453,-0.454582964386027,12.9366800646397
-14.2605841940071,-8.94662907329948,6.3998303278128
0,0,-4
5.2777588375273,-0.708569623400047,8.46334134523185
-5.0940125760978,-4.05095681933587,11.2024187626474
-14.2605841940071,-16.3557550585106,11.699832014957
0,0,3.23179411498476
5.34260199859747,-3.60927693115391,12.4793272553359
-8.75782841766059,-0.450271634133019,12.94080822237
-14.2605841940071,-8.94662907329948,6.3998303278128
0,0,-4
5.1746650727507,-0.693862172471242,8.46546352331038
-5.18239331832675,-4.02295784708808,11.2410211696887
-14.2605841940071,-16.3557550585106,11.699832014957
0,0,3.23179411498476
5.23881884174913,-3.53832530250355,12.4833707077664
-8.86093565818507,-0.44600076943475,12.9449143305734
-14.2605841940071,-8.94662907329948,6.3998303278128
0,0,-4
5.07142777149451,-0.679162339803177,8.46759424067485
-5.27086040573579,-3.99494380154679,11.279666073517
-14.2605841940071,-16.3557550585106,11.699832014957
0,0,3.23179411498476
5.13489870874512,-3.46725465200332,12.4873961383718
-8.9641338609866,-0.441761376593326,12.9490073187122
-14.2605841940071,-8.94662907329948,6.3998303278128
0,0,-4
4.96829857886405,-0.664506324720215,8.4697276585259
-5.35919697545408,-3.96698395188699,11.3182580224475
-14.2605841940071,-16.3557550585106,11.699832014957
0,0,3.23179411498476
5.03109613608476,-3.39623895180185,12.4913916547418
-9.06716926393758,-0.4375645163631,12.9530768197236
-14.2605841940071,-8.94662907329948,6.3998303278128
0,0,-4
4.86500073380665,-0.649855088699069,8.47186875984263
-5.44763892649678,-3.93900421797115,11.3568993204628
-14.2605841940071,-16.3557550585106,11.699832014957
0,0,3.23179411498476
4.92713381383477,-3.32508845648896,12.495365852598
-9.17031623430809,-0.433399581585237,12.9571334028535
-14.2605841940071,-8.94662907329948,6.3998303278128
0,0,-4
4.76183212775271,-0.635251229311482,8.47401058870029
-5.53592992969103,-3.91108630140021,11.3954772305091
-14.2605841940071,-16.3557550585106,11.699832014957
0,0,3.23179411498476
4.82331288021273,-3.25400918344706,12.4993050536611
-9.27327502261767,-0.429279309982728,12.9611649818109
-14.2605841940071,-8.94662907329948,6.3998303278128
0,0,-4
4.6584666538597,-0.620648839372621,8.47615902528953
-5.62434787033886,-3.88314292294935,11.4341123946749
-14.2605841940071,-16.3557550585106,11.699832014957
0,0,3.23179411498476
4.71930651455291,-3.18277739662418,12.5032194619364
-9.37636888998208,-0.42519131415087,12.965183960816
-14.2605841940071,-8.94662907329948,6.3998303278128
0,0,-4
4.55525448080452,-0.606097706505822,8.4783058542544
-5.71259188875659,-3.85526978397668,11.4726725829363
-14.2605841940071,-16.3557550585106,11.699832014957
0,0,3.23179411498476
4.61546848481063,-3.11163533845463,12.5070934619563
-9.47924622738806,-0.421150167374779,12.969176340917
-14.2605841940071,-8.94662907329948,6.3998303278128
0,0,-4
4.4518140023849,-0.591544239183981,8.48045795715726
-5.80098704024806,-3.82736480035509,11.5112990380581
-14.2605841940071,-16.3557550585106,11.699832014957
0,0,3.23179411498476
4.51141629714561,-3.04032101841921,12.5109390154878
-9.58228520359631,-0.41714153992244,12.9731565598063
-14.2605841940071,-8.94662907329948,6.3998303278128
0,0,-4
4.34855396458596,-0.577046232913156,8.4826057165191
-5.88918266620181,-3.7995392962163,11.549837744493
-14.2605841940071,-16.3557550585106,11.699832014957
0,0,3.23179411498476
4.4075626304295,-2.96911726629301,12.5147384361846
-9.68507624916471,-0.413181991828977,12.9771085112241
-14.2605841940071,-8.94662907329948,6.3998303278128
0,0,-4
4.2450308916464,-0.562541576914717,8.4847571162299
-5.97755634176847,-3.77167473319851,11.5884528764863
-14.2605841940071,-16.3557550585106,11.699832014957
0,0,3.23179411498476
4.30346294714845,-2.89771942258465,12.5185055753726
-9.78805863836172,-0.409255098659456,12.9810488640043
-14.2605841940071,-8.94662907329948,6.3998303278128
0,0,-4
4.14171858108783,-0.548096904589499,8.48690099908807
-6.06570222108341,-3.74389970918452,11.6269662934997
-14.2605841940071,-16.3557550585106,11.699832014957
0,0,3.23179411498476
4.19959527234085,-2.82645538124183,12.5222205684499
-9.89075861130758,-0.405379545793279,12.9849592131303
-14.2605841940071,-8.94662907329948,6.3998303278128
0,0,-4
4.03810520730528,-0.533640747125007,8.48904654425111
-6.15405582224395,-3.71607756913014,11.6655674584324
-14.2605841940071,-16.3557550585106,11.699832014957
0,0,3.23179411498476
4.09544655547715,-2.75497332359538,12.5258992618135
-9.99368282009277,-0.401536676862674,12.9888586506744
-14.2605841940071,-8.94662907329948,6.3998303278128
0,0,-4
3.93473615174572,-0.519249401685933,8.49118092911011
-6.24215070555764,-3.68835583055696,11.7040517650588
-14.2605841940071,-16.3557550585106,11.699832014957
0,0,3.23179411498476
3.99156663696923,-2.68365071633055,12.5295195409736
-10.0962870749791,-0.397747423057243,12.9927262895829
-14.2605841940071,-8.94662907329948,6.3998303278128
0,0,-4
3.8310247757765,-0.504841216531783,8.49331460728117
-6.33048571856398,-3.6605780817543,11.742636299142
-14.2605841940071,-16.3557550585106,11.699832014957
0,0,3.23179411498476
3.88736751489391,-2.61208410525696,12.5330993173992
-10.1991516234086,-0.393990779696998,12.9965838264415
-14.2605841940071,-8.94662907329948,6.3998303278128
0,0,-4
3.72759449906229,-0.490502955746114,8.49543298514341
-6.41852852088692,-3.63291236272623,11.7810876996513
-14.2605841940071,-16.3557550585106,11.699832014957
0,0,3.23179411498476
3.78347720817937,-2.5407049730805,12.5366142006522
-10.3016557354223,-0.390290020431199,13.0004077224563
-14.2605841940071,-8.94662907329948,6.3998303278128
0,0,-4
3.6237775703185,-0.47614199351837,8.4975478496448
-6.50684651402194,-3.60518092777378,11.8196529303796
-14.2605841940071,-16.3557550585106,11.699832014957
0,0,3.23179411498476
3.67922650487659,-2.46905387072496,12.5400841922888
-10.4044592695174,-0.386621702496011,13.0042224435556
-14.2605841940071,-8.94662907329948,6.3998303278128
0,0,-4
3.5202816688798,-0.461856320831452,8.49964276003243
-6.59483638210374,-3.57757385703724,11.858067696949
-14.2605841940071,-16.3557550585106,11.699832014957
0,0,3.23179411498476
3.57532770178606,-2.39762056512963,12.5434826552033
-10.5068591290675,-0.383011509221997,13.0080016487756
-14.2605841940071,-8.94662907329948,6.3998303278128
0,0,-4
3.41635195806425,-0.44754160194698,8.50173086791275
-6.68313900460092,-3.54989060013832,11.8966109555994
-14.2605841940071,-16.3557550585106,11.699832014957
0,0,3.23179411498476
3.47102446308096,-2.3258854848127,12.5468316518251
-10.6096004355479,-0.37943350216158,13.0117727159507
-14.2605841940071,-8.94662907329948,6.3998303278128
0,0,-4
3.31278619507259,-0.433307749686551,8.50379384916901
-6.7710753912208,-3.52234466448605,11.9349854744787
-14.2605841940071,-16.3557550585106,11.699832014957
0,0,3.23179411498476
3.36711902690958,-2.25440065375851,12.550102392164
-10.7118923509132,-0.375915806843788,13.0155063765798
-14.2605841940071,-8.94662907329948,6.3998303278128
0,0,-4
3.20873698863639,-0.419038060451194,8.50584621624156
-6.85936437457707,-3.49471137756257,11.9735041101584
-14.2605841940071,-16.3557550585106,11.699832014957
0,0,3.23179411498476
3.2627625419395,-2.18258260641563,12.5533189076285
-10.814570374855,-0.372429968811492,13.0192330348847
-14.2605841940071,-8.94662907329948,6.3998303278128
0,0,-4
3.10509740655628,-0.404854976125368,8.50786777630959
-6.9472471183981,-3.46722888342571,12.0118349305227
-14.2605841940071,-16.3557550585106,11.699832014957
0,0,3.23179411498476
3.15885223324672,-2.11104917338462,12.5564504215543
-10.916751181029,-0.369006548936503,13.022920400196
-14.2605841940071,-8.94662907329948,6.3998303278128
0,0,-4
3.00092272280822,-0.390628868320154,8.50987435609144
-7.03552428076498,-3.43964727101557,12.0503263258967
-14.2605841940071,-16.3557550585106,11.699832014957
0,0,3.23179411498476
3.05444204951904,-2.03914970900813,12.5595227727194
-11.0193650470219,-0.365614598064069,13.0266019839371
-14.2605841940071,-8.94662907329948,6.3998303278128
0,0,-4
2.8972057739868,-0.376495204707469,8.51184397063067
-7.12335368986403,-3.4122303050693,12.0886102103368
-14.2605841940071,-16.3557550585106,11.699832014957
0,0,3.23179411498476
2.95052844399636,-1.96757084527811,12.562503442444
-11.1214322182811,-0.362287062394218,13.0302424146952
-14.2605841940071,-8.94662907329948,6.3998303278128
0,0,-4
2.79290059684224,-0.362310998937499,8.51379366459705
-7.21162094400981,-3.38470196806301,12.1270717990716
-14.2605841940071,-16.3557550585106,11.699832014957
0,0,3.23179411498476
2.84606437458904,-1.89559208745835,12.5654198405799
-11.2239812554211,-0.358990564378994,13.0338783531273
-14.2605841940071,-8.94662907329948,6.3998303278128
0,0,-4
2.68910329033488,-0.348225108572639,8.51569980963348
-7.2993978806426,-3.35735235786148,12.1653057744235
-14.2605841940071,-16.3557550585106,11.699832014957
0,0,3.23179411498476
2.7421487750839,-1.8239711780937,12.5682380329814
-11.3259330185007,-0.355760339727143,13.0374713292873
-14.2605841940071,-8.94662907329948,6.3998303278128
0,0,-4
2.58466381468045,-0.334080901498249,8.51758051638681
-7.38765724567215,-3.32987877625704,12.2037350602389
-14.2605841940071,-16.3557550585106,11.699832014957
0,0,3.23179411498476
2.63763089693459,-1.75191584987145,12.5709866873147
-11.4284167891877,-0.352560695894728,13.0410611519122
-14.2605841940071,-8.94662907329948,6.3998303278128
0,0,-4
2.48078387573836,-0.320040836008039,8.51941074254892
-7.47538320927734,-3.30259805209513,12.2419164672164
-14.2605841940071,-16.3557550585106,11.699832014957
0,0,3.23179411498476
2.53371424245945,-1.6802564543198,12.5736308626513
-11.5302522333134,-0.34942901519196,13.0446062794193
-14.2605841940071,-8.94662907329948,6.3998303278128
0,0,-4
2.37620775619581,-0.305934511396747,8.52120945309676
-7.56363682588273,-3.27518056710154,12.2803110442593
-14.2605841940071,-16.3557550585106,11.699832014957
0,0,3.23179411498476
2.42914288525584,-1.60812789381023,12.5762000952272
-11.6326705653421,-0.346327451211506,13.0481496208224
-14.2605841940071,-8.94662907329948,6.3998303278128
0,0,-4
2.27224379282706,-0.291938025941564,8.5229505076918
-7.65131403080705,-3.24796992646161,12.3184375841443
-14.2605841940071,-16.3557550585106,11.699832014957
0,0,3.23179411498476
2.32522566055938,-1.53643370240726,12.578658924669
-11.7343897447874,-0.343295343122178,13.0516466373452
-14.2605841940071,-8.94662907329948,6.3998303278128
0,0,-4
2.16753038546888,-0.277867269270643,8.52465345286498
-7.73956417931864,-3.22060972245025,12.3567951581863
-14.2605841940071,-16.3557550585106,11.699832014957
0,0,3.23179411498476
2.2206013864614,-1.46423586703397,12.5810372952163
-11.8367427656431,-0.340292898561187,13.0551432415025
-14.2605841940071,-8.94662907329948,6.3998303278128
0,0,-4
2.06348205438136,-0.263911832106929,8.52629145446563
-7.82719562330508,-3.19346999851289,12.3948649346725
-14.2605841940071,-16.3557550585106,11.699832014957
0,0,3.23179411498476
2.1166835364312,-1.39251065512381,12.5832997854894
-11.9383467900124,-0.337361178869613,13.0585920209517
-14.2605841940071,-8.94662907329948,6.3998303278128
0,0,-4
1.95863263889573,-0.249874148224977,8.52788430845094
-7.9154447432642,-3.16616808548747,12.4331833444165
-14.2605841940071,-16.3557550585106,11.699832014957
0,0,3.23179411498476
2.01200711167372,-1.32024811379095,12.58547622445
-12.0406349616682,-0.334458697777505,13.0620417449413
-14.2605841940071,-8.94662907329948,6.3998303278128
0,0,-4
1.8545008011541,-0.235956955143419,8.52940497619121
-8.0030342624428,-3.13909972124822,12.4711948986158
-14.2605841940071,-16.3557550585106,11.699832014957
0,0,3.23179411498476
1.90808796539901,-1.24849569552988,12.5875318474839
-12.142126068811,-0.33162796272715,13.0654423006488
-14.2605841940071,-8.94662907329948,6.3998303278128
0,0,-4
1.74951876934906,-0.221949688286044,8.53087311713802
-8.09128497187721,-3.11185691865541,12.5094721361917
-14.2605841940071,-16.3557550585106,11.699832014957
0,0,3.23179411498476
1.80336032566021,-1.17617360862562,12.589495794844
-12.2443502207337,-0.328826085429748,13.0688451176994
-14.2605841940071,-8.94662907329948,6.3998303278128
0,0,-4
1.6453056245093,-0.208067681421658,8.5322620535621
-8.17883727790007,-3.08485994817199,12.5474244728278
-14.2605841940071,-16.3557550585106,11.699832014957
0,0,3.23179411498476
1.69943853531478,-1.10439779280313,12.5913346199302
-12.3457318271472,-0.326096707139545,13.0721976041671
-14.2605841940071,-8.94662907329948,6.3998303278128
0,0,-4
1.54019662019864,-0.194088036697719,8.53359087830487
-8.26709239003081,-3.05767687098143,12.5856587024023
-14.2605841940071,-16.3557550585106,11.699832014957
0,0,3.23179411498476
1.59466074748722,-1.03202188051734,12.5930761669974
-12.447893184743,-0.32339586340795,13.0755536059837
-14.2605841940071,-8.94662907329948,6.3998303278128
0,0,-4
1.43590580682932,-0.180237926982077,8.5348339004963
-8.35461308516284,-3.03075090915937,12.623551305359
-14.2605841940071,-16.3557550585106,11.699832014957
0,0,3.23179411498476
1.49073424720058,-0.960226430852801,12.5946889926475
-12.5491699086012,-0.320767987422715,13.0788583191499
-14.2605841940071,-8.94662907329948,6.3998303278128
0,0,-4
1.33067780237462,-0.166282992330575,8.53600918581141
-8.4428756199874,-3.00362795717744,12.6617408787078
-14.2605841940071,-16.3557550585106,11.699832014957
0,0,3.23179411498476
1.38590747075062,-0.887802930845045,12.5961990234875
-12.6512701140634,-0.318168391148981,13.082167717464
-14.2605841940071,-8.94662907329948,6.3998303278128
0,0,-4
1.22631445303627,-0.152461284691888,8.53709269492718
-8.53037118646268,-2.97677219926929,12.6995737143858
-14.2605841940071,-16.3557550585106,11.699832014957
0,0,3.23179411498476
1.28197346022984,-0.815991533153565,12.5975775059372
-12.7524477666722,-0.315641936104253,13.0854250934793
-14.2605841940071,-8.94662907329948,6.3998303278128
0,0,-4
1.12097774940006,-0.138528052280372,8.53810099278525
-8.61864437462035,-2.94970955059194,12.7377171823139
-14.2605841940071,-16.3557550585106,11.699832014957
0,0,3.23179411498476
1.17709891156699,-0.743527149061731,12.5988478348557
-12.8544888892179,-0.313143581572087,13.0886882207876
-14.2605841940071,-8.94662907329948,6.3998303278128
0,0,-4
1.01654848956658,-0.124731072618053,8.53901236746164
-8.70612213543688,-2.92292278222958,12.7754906896938
-14.2605841940071,-16.3557550585106,11.699832014957
0,0,3.23179411498476
1.07315386835254,-0.671703387398356,12.5999846100205
-12.9555744317803,-0.310718240869908,13.091898833341
-14.2605841940071,-8.94662907329948,6.3998303278128
0,0,-4
0.911115629821427,-0.110816458726822,8.53984141697385
-8.79440941203279,-2.89592039157103,12.8135868083508
-14.2605841940071,-16.3557550585106,11.699832014957
0,0,3.23179411498476
0.96823279146726,-0.599205229982705,12.6010081112909
-13.0575589646515,-0.308320900649997,13.0951161428156
-14.2605841940071,-8.94662907329948,6.3998303278128
0,0,-4
0.806628512994272,-0.0970403817083491,8.54056941191864
-8.88187746158778,-2.86920100967499,12.8513018752524
-14.2605841940071,-16.3557550585106,11.699832014957
0,0,3.23179411498476
0.864272514340875,-0.527372573358643,12.6018969069778
-13.1585604287315,-0.305996145953514,13.0982806991071
-14.2605841940071,-8.94662907329948,6.3998303278128
0,0,-4
0.701114103798544,-0.0831412443305312,8.54120854673991
-8.97018244824235,-2.8422586120312,12.8893496066918
-14.2605841940071,-16.3557550585106,11.699832014957
0,0,3.23179411498476
0.759306160374799,-0.454848096187878,12.6026676330053
-13.2604912710896,-0.303699370384774,13.101452763688
-14.2605841940071,-8.94662907329948,6.3998303278128
0,0,-4
0.596578479075165,-0.0693821211964318,8.54174367477673
-9.05764955274344,-2.81560465637793,12.927007532434
-14.2605841940071,-16.3557550585106,11.699832014957
0,0,3.23179411498476
0.655325844638226,-0.383009896703815,12.6033033683085
-13.3614176430057,-0.301474456665264,13.104572099186
-14.2605841940071,-8.94662907329948,6.3998303278128
0,0,-4
0.490998920374641,-0.0554952748989105,8.54218420222171
-9.14597602699003,-2.7887217761356,12.9650060391708
-14.2605841940071,-16.3557550585106,11.699832014957
0,0,3.23179411498476
0.550315462055029,-0.310466828163308,12.6038166525494
-13.4632980658949,-0.299277574843602,13.1076996098783
-14.2605841940071,-8.94662907329948,6.3998303278128
0,0,-4
0.386425233640791,-0.0417490607345809,8.54251907658637
-9.23345149629424,-2.76213097078459,13.0026084846035
-14.2605841940071,-16.3557550585106,11.699832014957
0,0,3.23179411498476
0.446309805281054,-0.238626330430714,12.6041955215044
-13.5641591372777,-0.297151546713885,13.1107746820134
-14.2605841940071,-8.94662907329948,6.3998303278128
0,0,-4
0.280798363297934,-0.0278712887587831,8.5427546040629
-9.32180334849028,-2.73530693603505,13.0405571183769
-14.2605841940071,-16.3557550585106,11.699832014957
0,0,3.23179411498476
0.341256640994864,-0.166072603472901,12.604448062585
-13.6659927340379,-0.295053668962375,13.1138584453774
-14.2605841940071,-8.94662907329948,6.3998303278128
0,0,-4
0.176197898612547,-0.0141338690405381,8.54288421821112
-9.40929688282922,-2.70877673927857,13.0781060450059
-14.2605841940071,-16.3557550585106,11.699832014957
0,0,3.23179411498476
0.237219975578708,-0.0942329641240105,12.6045675992383
-13.7667989228216,-0.293025368128196,13.1168903262825
-14.2605841940071,-8.94662907329948,6.3998303278128
0,0,-4
0.0705425653583316,-0.000261933033331713,8.54291090420929
-9.49767806197069,-2.68201070073074,13.1160043304173
-14.2605841940071,-16.3557550585106,11.699832014957
0,0,3.23179411498476
0.132125285920203,-0.0216766447876891,12.6045575229514
-13.8685895456861,-0.291025389995272,13.119931261072
-14.2605841940071,-8.94662907329948,6.3998303278128
0,0,-4
-0.0340727984703782,0.0134708902465301,8.54283246353584
-9.5851996956743,-2.65553844690238,13.1535018368941
-14.2605841940071,-16.3557550585106,11.699832014957
0,0,3.23179411498476
0.0280516501627026,0.0501589643319629,12.6044161882094
-13.9693516834249,-0.289093613505988,13.1229210700522
-14.2605841940071,-8.94662907329948,6.3998303278128
0,0,-4
-0.13973709079287,0.0273402643114212,8.54265092767672
-9.67361380566337,-2.62882894548384,13.1913498419158
-14.2605841940071,-16.3557550585106,11.699832014957
0,0,3.23179411498476
-0.0770828749714217,0.122709734175019,12.6041452774446
-14.0711036117177,-0.287189413788962,13.1259205538664
-14.2605841940071,-8.94662907329948,6.3998303278128
0,0,-4
-0.244354896472652,0.0410724638785376,8.5423671580577
-9.76117227601936,-2.60241129508717,13.2287986235713
-14.2605841940071,-16.3557550585106,11.699832014957
0,0,3.23179411498476
-0.181198161523298,0.194538033654004,12.6037465100019
-14.1718322955058,-0.285351546328155,13.1288700018206
-14.2605841940071,-8.94662907329948,6.3998303278128
0,0,-4
-0.350007820793552,0.0549422692446972,8.54197622501735
-9.84962252309416,-2.57575827601978,13.2665950553247
-14.2605841940071,-16.3557550585106,11.699832014957
0,0,3.23179411498476
-0.286370482682732,0.267074340404252,12.6032123571265
-14.2735479093951,-0.283542929361104,13.1318285557923
-14.2605841940071,-8.94662907329948,6.3998303278128
0,0,-4
-0.454615668661374,0.068677958988718,8.54148785150088
-9.93722755768066,-2.5493929527516,13.3039968155526
-14.2605841940071,-16.3557550585106,11.699832014957
0,0,3.23179411498476
-0.390533087301437,0.338891749772978,12.602555173481
-14.374253302203,-0.281798236764867,13.1347385765918
-14.2605841940071,-8.94662907329948,6.3998303278128
0,0,-4
-0.560238217904959,0.0825514965231624,8.54089282696392
-10.0257175670996,-2.52279488969218,13.341741833588
-14.2605841940071,-16.3557550585106,11.699832014957
0,0,3.23179411498476
-0.495741634615778,0.411405555825614,12.6017615542953
-14.4759370021381,-0.280083016240712,13.1376576381711
-14.2605841940071,-8.94662907329948,6.3998303278128
0,0,-4
-0.664824723562022,0.0962948190070373,8.54020529976438
-10.1133786261998,-2.49647887873992,13.3790990092697
-14.2605841940071,-16.3557550585106,11.699832014957
0,0,3.23179411498476
-0.599957074915067,0.483208957180178,12.600849039721
-14.576629919894,-0.27842961763482,13.1405296775895
-14.2605841940071,-8.94662907329948,6.3998303278128
0,0,-4
-0.770398920711498,0.110175342678341,8.53941303634065
-10.2019119428414,-2.46993444389793,13.4167926164956
-14.2605841940071,-16.3557550585106,11.699832014957
0,0,3.23179411498476
-0.705200363241163,0.555692379617033,12.5997999025114
-14.6782858348746,-0.27680588974488,13.1434105688106
-14.2605841940071,-8.94662907329948,6.3998303278128
0,0,-4
-0.87495348293492,0.123930382913994,8.5385341910523
-10.2896379578607,-2.44366476044977,13.4541075783348
-14.2605841940071,-16.3557550585106,11.699832014957
0,0,3.23179411498476
-0.80947370076161,0.627478576513988,12.5986364910047
-14.7789766499958,-0.275241741545368,13.146246145698
-14.2605841940071,-8.94662907329948,6.3998303278128
0,0,-4
-0.980462734938941,0.137821128159579,8.53755384598336
-10.3782178593865,-2.41717256522909,13.4917498414889
-14.2605841940071,-16.3557550585106,11.699832014957
0,0,3.23179411498476
-0.91475013690784,0.699923947723263,12.5973371577341
-14.8806087811882,-0.273707419386579,13.1490902762391
-14.2605841940071,-8.94662907329948,6.3998303278128
0,0,-4
-1.0849758036428,0.151591886479181,8.53649362452311
-10.4660170723792,-2.39094630491613,13.5290248314739
-14.2605841940071,-16.3557550585106,11.699832014957
0,0,3.23179411498476
-1.01908584235587,0.771689644050425,12.5959285700793
-14.981307236589,-0.27223032276536,13.1518909742528
-14.2605841940071,-8.94662907329948,6.3998303278128
0,0,-4
-1.19040526776266,0.165496057262062,8.53533633314839
-10.5546465200463,-2.36450491825318,13.5666158648328
-14.2605841940071,-16.3557550585106,11.699832014957
0,0,3.23179411498476
-1.12439372368565,0.844089579896486,12.5943856547263
-15.0829193974169,-0.270783144562748,13.1546998351999
-14.2605841940071,-8.94662907329948,6.3998303278128
0,0,-4
-1.29486855393911,0.179286421260312,8.53410644110671
-10.6425263472196,-2.33831929981582,13.6038529435901
-14.2605841940071,-16.3557550585106,11.699832014957
0,0,3.23179411498476
-1.22879556886462,0.915831368577943,12.5927388175688
-15.1836344481174,-0.269390752741028,13.1574672947696
-14.2605841940071,-8.94662907329948,6.3998303278128
0,0,-4
-1.40020542041548,0.193207174146839,8.53278493654746
-10.7312079487777,-2.31192726270164,13.6413928969063
-14.2605841940071,-16.3557550585106,11.699832014957
0,0,3.23179411498476
-1.3341330932809,0.988178834128928,12.5909601252624
-15.2852302177883,-0.268028290604009,13.1602424520116
-14.2605841940071,-8.94662907329948,6.3998303278128
0,0,-4
-1.50461204051794,0.207020889910192,8.5313984596412
-10.8191748722156,-2.28577966167092,13.6785939026061
-14.2605841940071,-16.3557550585106,11.699832014957
0,0,3.23179411498476
-1.43860407367157,1.05989319709851,12.5890830738833
-15.3859699048876,-0.266718116007292,13.1629783625909
-14.2605841940071,-8.94662907329948,6.3998303278128
0,0,-4
-1.60984572383864,0.220961315223293,8.52992666314871
-10.9079108577991,-2.25943549762747,13.7160829535294
-14.2605841940071,-16.3557550585106,11.699832014957
0,0,3.23179411498476
-1.54396936083903,1.1321815687355,12.5870774842705
-15.4875525963374,-0.265437785207205,13.1657214498641
-14.2605841940071,-8.94662907329948,6.3998303278128
0,0,-4
-1.7141902764992,0.234801958412407,8.52839766609627
-10.9959703479316,-2.2333234704727,13.753249473145
-14.2605841940071,-16.3557550585106,11.699832014957
0,0,3.23179411498476
-1.64851165058087,1.20386488851845,12.5849792518798
-15.5883239560151,-0.264207206629128,13.1684275424703
-14.2605841940071,-8.94662907329948,6.3998303278128
0,0,-4
-1.81931251407306,0.248765058953096,8.52679027201032
-11.0847625588337,-2.20702569216174,13.7906878238822
-14.2605841940071,-16.3557550585106,11.699832014957
0,0,3.23179411498476
-1.75390277293956,1.27608801085593,12.5827565903265
-15.6898965980015,-0.263006275434557,13.171140254062
-14.2605841940071,-8.94662907329948,6.3998303278128
0,0,-4
-1.92359109207063,0.262636006583596,8.52513340181229
-11.1729190284272,-2.18094699094948,13.8278211768242
-14.2605841940071,-16.3557550585106,11.699832014957
0,0,3.23179411498476
-1.85851771181765,1.34773659308342,12.5804470868713
-15.7907056061617,-0.261852545388436,13.1738182940813
-14.2605841940071,-8.94662907329948,6.3998303278128
0,0,-4
-2.0285959550199,0.2766246747355,8.52340547866707
-11.2617689176896,-2.15469410340792,13.8652090544063
-14.2605841940071,-16.3557550585106,11.699832014957
0,0,3.23179411498476
-1.96393273287538,1.41988882895607,12.5780179872545
-15.8922709381479,-0.260728145488204,13.1765023772084
-14.2605841940071,-8.94662907329948,6.3998303278128
0,0,-4
-2.13280609960865,0.29052907864742,8.52163559130136
-11.3500257064732,-2.12864668152432,13.9023102878833
-14.2605841940071,-16.3557550585106,11.699832014957
0,0,3.23179411498476
-2.06862084302972,1.49149893433601,12.5755078708976
-15.9931224894369,-0.259648397915458,13.1791541574359
-14.2605841940071,-8.94662907329948,6.3998303278128
0,0,-4
-2.23768992517423,0.304546072870574,8.51980221672173
-11.4389343494764,-2.10243718273784,13.9396479471598
-14.2605841940071,-16.3557550585106,11.699832014957
0,0,3.23179411498476
-2.17405785973003,1.56357520615997,12.5728836337592
-16.0946829670905,-0.258597535438053,13.1818114043292
-14.2605841940071,-8.94662907329948,6.3998303278128
0,0,-4
-2.34183053286927,0.318486835903255,8.51793404212691
-11.5272937371106,-2.07641919262649,13.9767178420845
-14.2605841940071,-16.3557550585106,11.699832014957
0,0,3.23179411498476
-2.27881888833407,1.63514308985252,12.570184178205
-16.1955808854564,-0.257588793917541,13.1844387382079
-14.2605841940071,-8.94662907329948,6.3998303278128
0,0,-4
-2.44659179125093,0.33253475769895,8.51600998438463
-11.6162618499009,-2.05025157226467,14.0140055704408
-14.2605841940071,-16.3557550585106,11.699832014957
0,0,3.23179411498476
-2.38427607403998,1.70713891091056,12.5673766278795
-16.2971386941184,-0.256608361031013,13.1870709779409
-14.2605841940071,-8.94662907329948,6.3998303278128
0,0,-4
-2.5506629848086,0.346514513510783,8.51405783992501
-11.7047250939391,-2.02426135640796,14.0510446563245
-14.2605841940071,-16.3557550585106,11.699832014957
0,0,3.23179411498476
-2.48910905721431,1.77866086691344,12.5644995886229
-16.3980857709305,-0.255667547596933,13.1896756929654
-14.2605841940071,-8.94662907329948,6.3998303278128
0,0,-4
-2.65530209507182,0.360595785908213,8.51205729401834
-11.7937530568832,-1.99813409355343,14.0882827791208
-14.2605841940071,-16.3557550585106,11.699832014957
0,0,3.23179411498476
-2.59458470200495,1.85057236150964,12.5615209326528
-16.4996428442945,-0.254754334645746,13.1922847830841
-14.2605841940071,-8.94662907329949,6.3998303278128
0,0,-4
-2.75930507076879,0.374616883214656,8.51003485196139
-11.8823204516841,-1.97217017007812,14.1252913561746
-14.2605841940071,-16.3557550585106,11.699832014957
0,0,3.23179411498476
-2.69948804473681,1.92204476954361,12.5584784150154
-16.6006408993143,-0.253878279276844,13.1948687143442
-14.2605841940071,-8.94662907329949,6.3998303278128
0,0,-4
-2.86382418087665,0.388733731708739,8.5079712333857
-11.9714083361588,-1.94608173070463,14.162480242013
-14.2605841940071,-16.3557550585106,11.699832014957
0,0,3.23179411498476
-2.80498059020501,1.9938686814802,12.5553411087664
-16.7021989407338,-0.253028987384335,13.1974565323663
-14.2605841940071,-8.94662907329949,6.3998303278128
0,0,-4
-2.9677610435029,0.402798223481255,8.50589134372884
-12.0600792883595,-1.92014277503308,14.1994584085975
-14.2605841940071,-16.3557550585106,11.699832014957
0,0,3.23179411498476
-2.90995215698063,2.06528805395155,12.5521454402921
-16.8032489008947,-0.252214438178839,13.2000215162129
-14.2605841940071,-8.94662907329949,6.3998303278128
0,0,-4
-3.07216378882971,0.416952660164253,8.50377713910228
-12.149226884497,-1.89409160985047,14.2365984737006
-14.2605841940071,-16.3557550585106,11.699832014957
0,0,3.23179411498476
-3.01546022343648,2.13702174333757,12.5488620592089
-16.9048094051387,-0.251425692219293,13.2025899510769
-14.2605841940071,-8.94662907329949,6.3998303278128
0,0,-4
-3.17603738435568,0.43106229806784,8.50165170564982
-12.2380000006049,-1.86817643377071,14.2735461573077
-14.2605841940071,-16.3557550585106,11.699832014957
0,0,3.23179411498476
-3.12049743457658,2.20838477020006,12.5455256686398
-17.0059113960955,-0.250669326222676,13.205137818909
-14.2605841940071,-8.94662907329949,6.3998303278128
0,0,-4
-3.28032863752425,0.445256109474531,8.4994983762615
-12.3272068445444,-1.84216097688483,14.3106378685108
-14.2605841940071,-16.3557550585106,11.699832014957
0,0,3.23179411498476
-3.22601983938717,2.28002619914989,12.5421087900802
-17.107475669897,-0.249937688047916,13.2076887624648
-14.2605841940071,-8.94662907329949,6.3998303278128
0,0,-4
-3.38414239149065,0.459412343551785,8.49733828130344
-12.4160800263899,-1.81626850629609,14.3475548585931
-14.2605841940071,-16.3557550585106,11.699832014957
0,0,3.23179411498476
-3.33111976860751,2.35132978883972,12.5386440947382
-17.2086291155741,-0.249236122658537,13.2102213346462
-14.2605841940071,-8.94662907329949,6.3998303278128
0,0,-4
-3.48832801436326,0.473647082506034,8.49515621352611
-12.5053454259628,-1.79028717495407,14.3845987346766
-14.2605841940071,-16.3557550585106,11.699832014957
0,0,3.23179411498476
-3.43665553523144,2.42287749710563,12.5351061908087
-17.310198295881,-0.248558104451467,13.2127566732795
-14.2605841940071,-8.94662907329949,6.3998303278128
0,0,-4
-3.59208578195863,0.487851065867571,8.49297128482394
-12.594315970114,-1.76441642738586,14.4214847158342
-14.2605841940071,-16.3557550585106,11.699832014957
0,0,3.23179411498476
-3.54181500463634,2.49411881213354,12.5315254937984
-17.4114020216968,-0.247907909294443,13.2152757532054
-14.2605841940071,-8.94662907329949,6.3998303278128
0,0,-4
-3.69617238838273,0.502128047399175,8.49076978011498
-12.6836390283513,-1.73846762291263,14.4584813271305
-14.2605841940071,-16.3557550585106,11.699832014957
0,0,3.23179411498476
-3.64736336265262,2.56557188410101,12.5278788361213
-17.5129770910816,-0.247279986916551,13.2177973596937
-14.2605841940071,-8.94662907329949,6.3998303278128
0,0,-4
-3.79987832014368,0.516380645472074,8.48856879305779
-12.7727037260635,-1.7126176857319,14.4953359113975
-14.2605841940071,-16.3557550585106,11.699832014957
0,0,3.23179411498476
-3.75257903212536,2.63674837031177,12.5241942343564
-17.6142294271006,-0.246677696050655,13.2203047280363
-14.2605841940071,-8.94662907329949,6.3998303278128
0,0,-4
-3.90387305583202,0.530700946682672,8.48635608983719
-12.8620833623124,-1.68669979562523,14.5322858777745
-14.2605841940071,-16.3557550585106,11.699832014957
0,0,3.23179411498476
-3.85813940915905,2.70810639505008,12.5204508112435
-17.7158112262388,-0.246096322251207,13.222814453726
-14.2605841940071,-8.94662907329949,6.3998303278128
0,0,-4
-4.00753148108875,0.545002750411864,8.4841467974583
-12.9512385971191,-1.66086980565638,14.5691086349919
-14.2605841940071,-16.3557550585106,11.699832014957
0,0,3.23179411498476
-3.96340785787418,2.77921580396843,12.5166741149038
-17.8171101071316,-0.24553844655734,13.2253118628948
-14.2605841940071,-8.94662907329949,6.3998303278128
0,0,-4
-4.11144182495299,0.559367214015795,8.48193011731631
-13.0406735658698,-1.63498120670364,14.6060126224453
-14.2605841940071,-16.3557550585106,11.699832014957
0,0,3.23179411498476
-4.06897986474701,2.8504788301619,12.512845561007
-17.9186993446183,-0.245000063918109,13.2278115302853
-14.2605841940071,-8.94662907329949,6.3998303278128
0,0,-4
-4.21505715364402,0.573718556312497,8.47971930118628
-13.1299154064788,-1.60917033180034,14.642803107953
-14.2605841940071,-16.3557550585106,11.699832014957
0,0,3.23179411498476
-4.17429766324986,2.92151923421582,12.5089882246672
-18.0200424039556,-0.244483103510494,13.2303006991406
-14.2605841940071,-8.94662907329949,6.3998303278128
0,0,-4
-4.31889074310236,0.58812779746648,8.47750491246975
-13.2194043142159,-1.58330939401136,14.6796618241156
-14.2605841940071,-16.3557550585106,11.699832014957
0,0,3.23179411498476
-4.27988107393757,2.99268772181447,12.5050857628369
-18.1216396639599,-0.243984157009877,13.2327920949493
-14.2605841940071,-8.94662907329949,6.3998303278128
0,0,-4
-4.42246738543186,0.60252877215013,8.47529844814409
-13.308728600921,-1.55751681694716,14.7164196032287
-14.2605841940071,-16.3557550585106,11.699832014957
0,0,3.23179411498476
-4.3852448458811,3.06365752254266,12.5011588281833
-18.2230243209885,-0.243504613511934,13.2352747038093
-14.2605841940071,-8.94662907329949,6.3998303278128
0,0,-4
-4.52623186671448,0.616983188112781,8.47309174082274
-13.3982699214319,-1.53168190806322,14.7532337921405
-14.2605841940071,-16.3557550585106,11.699832014957
0,0,3.23179411498476
-4.49083957394401,3.13473229287912,12.4971932229891
-18.324630069375,-0.243041562605001,13.2377595725814
-14.2605841940071,-8.94662907329949,6.3998303278128
0,0,-4
-4.62977416932369,0.63143367059348,8.47089467238067
-13.4876723447664,-1.50590681295346,14.789958461084
-14.2605841940071,-16.3557550585106,11.699832014957
0,0,3.23179411498476
-4.59624604713266,3.20563022249007,12.4932072727633
-18.4260536070048,-0.242595951139113,13.2402372585611
-14.2605841940071,-8.94662907329949,6.3998303278128
0,0,-4
-4.73347707261629,0.64593345271801,8.46870023907661
-13.5772644333784,-1.48009630328606,14.8267288975672
-14.2605841940071,-16.3557550585106,11.699832014957
0,0,3.23179411498476
-4.70185212023789,3.2766124084364,12.4891887949209
-18.5276681965696,-0.242165281264361,13.2427172968717
-14.2605841940071,-8.94662907329949,6.3998303278128
0,0,-4
-4.83698926944584,0.660433121705354,8.46651685822098
-13.6667406042032,-1.4543378646209,14.8634201007273
-14.2605841940071,-16.3557550585106,11.699832014957
0,0,3.23179411498476
-4.80729816708772,3.34743752528424,12.4851539175045
-18.6291278298222,-0.241750142017582,13.245191649589
-14.2605841940071,-8.94662907329949,6.3998303278128
0,0,-4
-4.940637907822,0.674978269260283,8.46433857728554
-13.756381711388,-1.42855013199039,14.900147584678
-14.2605841940071,-16.3557550585106,11.699832014957
0,0,3.23179411498476
-4.91291570108464,3.41832852279339,12.4810923183041
-18.7307515052471,-0.241348375455957,13.2476685008757
-14.2605841940071,-8.94662907329949,6.3998303278128
0,0,-4
-5.04412408360676,0.689526628852598,8.46217250340236
-13.8459272220228,-1.40280750624778,14.9368050281882
-14.2605841940071,-16.3557550585106,11.699832014957
0,0,3.23179411498476
-5.01839836897698,3.48908020147813,12.477018082183
-18.8322444398654,-0.240960284700088,13.2501410585566
-14.2605841940071,-8.94662907329949,6.3998303278128
0,0,-4
-5.14772547406954,0.70411696417971,8.46001362087338
-13.9356155067332,-1.37704094082302,14.9734903790474
-14.2605841940071,-16.3557550585106,11.699832014957
0,0,3.23179411498476
-5.12402754276326,3.55988162359418,12.4729225769245
-18.933877342889,-0.240583990726562,13.2526163086025
-14.2605841940071,-8.94662907329949,6.3998303278128
0,0,-4
-5.25118953837181,0.718713365774565,8.45786787931206
-14.025225983088,-1.35131326054196,15.0101138408506
-14.2605841940071,-16.3557550585106,11.699832014957
0,0,3.23179411498476
-5.22954407504394,3.63055954048444,12.4688180141486
-19.0354008241894,-0.240219571190052,13.2550885546096
-14.2605841940071,-8.94662907329949,6.3998303278128
0,0,-4
-5.35475034291794,0.733348550324526,8.45573108743489
-14.1149595260913,-1.32556626942291,15.0467578924579
-14.2605841940071,-16.3557550585106,11.699832014957
0,0,3.23179411498476
-5.3351851071963,3.70127317463531,12.464697273541
-19.1370429993605,-0.239865375472084,13.2575637276873
-14.2605841940071,-8.94662907329949,6.3998303278128
0,0,-4
-5.45819601271089,0.747992213888326,8.45360818403295
-14.2046306710427,-1.29985263954931,15.0833472290861
-14.2605841940071,-16.3557550585106,11.699832014957
0,0,3.23179411498476
-5.44073295576838,3.77187728965612,12.4605708712197
-19.2385943517121,-0.239521305981329,13.2600370874913
-14.2605841940071,-8.94662907329949,6.3998303278128
0,0,-4
-5.56172249710393,0.76267176471687,8.45149569476064
-14.2944074884005,-1.27412365097761,15.1199508250578
-14.2605841940071,-16.3557550585106,11.699832014957
0,0,3.23179411498476
-5.5463860836377,3.84250505878214,12.4564330197008
-19.3402457529511,-0.239185899191791,13.2625136431643
-14.2605841940071,-8.94662907329949,6.3998303278128
0,0,-4
-5.6651532861139,0.777361799050477,8.44939768528361
-14.3841351168874,-1.24842314724728,15.1565059754431
-14.2605841940071,-16.3557550585106,11.699832014957
0,0,3.23179411498476
-5.6519629142151,3.9130355943164,12.4522927185383
-19.4418224105044,-0.238858923519768,13.2649894817697
-14.2605841940071,-8.94662907329949,6.3998303278128
0,0,-4
-5.76865129396939,0.792085105407176,8.44731129777239
-14.4739531736262,-1.22271061437252,15.1930699651528
-14.2605841940071,-16.3557550585106,11.699832014957
0,0,3.23179411498476
-5.75762837592481,3.9835795221485,12.4481453384973
-19.5434829085582,-0.238539069144037,13.2674688123388
-14.2605841940071,-8.94662907329949,6.3998303278128
0,0,-4
-5.87207050723265,0.806820527140097,8.44523985147009
-14.5637332401011,-1.19702228346493,15.2295909518299
-14.2605841940071,-16.3557550585106,11.699832014957
0,0,3.23179411498476
-5.8632320670753,4.05403693987539,12.4439985373709
-19.6450824380115,-0.238226004023799,13.2699484321697
-14.2605841940071,-8.94662907329949,6.3998303278128
0,0,-4
-5.97554544704314,0.821586866834277,8.44318101306589
-14.6535904640215,-1.17132468763237,15.2661161870208
-14.2605841940071,-16.3557550585106,11.699832014957
0,0,3.23179411498476
-5.96891008662614,4.12449912047032,12.4398486783092
-19.7467518287708,-0.237918545351807,13.2724318607406
-14.2605841940071,-8.94662907329949,6.3998303278128
0,0,-4
-6.07895617939258,0.836366617967258,8.44113746996256
-14.7434190830119,-1.14564754881401,15.3026031151056
-14.2605841940071,-16.3557550585106,11.699832014957
0,0,3.23179411498476
-6.07453872373655,4.19488409691306,12.4357022439243
-19.8483719450699,-0.237616287630712,13.2749164999856
-14.2605841940071,-8.94662907329949,6.3998303278128
0,0,-4
-6.18241302222686,0.851175173248258,8.43910733054069
-14.8333133785118,-1.11996340237123,15.3390904471175
-14.2605841940071,-16.3557550585106,11.699832014957
0,0,3.23179411498476
-6.18022949922498,4.2652666683825,12.4315564356561
-19.9500499586178,-0.237318153934665,13.2774052791286
-14.2605841940071,-8.94662907329949,6.3998303278128
0,0,-4
-6.28581815967766,0.865998137140881,8.43709275239536
-14.9231868391045,-1.09429645034532,15.3755435014534
-14.2605841940071,-16.3557550585106,11.699832014957
0,0,3.23179411498476
-6.28588136448507,4.33558006986771,12.4274167163637
-20.0516885345418,-0.237023686861742,13.2798961105359
-14.2605841940071,-8.94662907329949,6.3998303278128
0,0,-4
-6.38926144544964,0.880848009881003,8.43509221218302
-15.0131161008387,-1.0686242989898,15.411993779015
-14.2605841940071,-16.3557550585106,11.699832014957
0,0,3.23179411498476
-6.39158505928681,4.40588519210637,12.4232809854389
-20.153374844736,-0.236731898769101,13.282391421501
-14.2605841940071,-8.94662907329949,6.3998303278128
0,0,-4
-6.49266366868208,0.895713025645226,8.43310742728673
-15.1030308759272,-1.04296650767781,15.4484132198685
-14.2605841940071,-16.3557550585106,11.699832014957
0,0,3.23179411498476
-6.49725861871896,4.47612804975504,12.4191538283656
-20.2550299153266,-0.236442297422405,13.2848895516123
-14.2605841940071,-8.94662907329949,6.3998303278128
0,0,-4
-6.59609751908175,0.910603251661879,8.43113717848716
-15.1929930020973,-1.01730493238491,15.4848272873849
-14.2605841940071,-16.3557550585106,11.699832014957
0,0,3.23179411498476
-6.60297535537646,4.54635788587792,12.4150337169809
-20.3567241496765,-0.236153971501572,13.2873925040592
-14.2605841940071,-8.94662907329949,6.3998303278128
0,0,-4
-6.69949930841655,0.92550912697428,8.42918282062277
-15.2829457532171,-0.991655259382685,15.5212134450494
-14.2605841940071,-16.3557550585106,11.699832014957
0,0,3.23179411498476
-6.70866924384289,4.61653137115712,12.4109244877035
-20.4583939124427,-0.235866407374715,13.2898989728628
-14.2605841940071,-8.94662907329949,6.3998303278128
0,0,-4
-6.80292744481334,0.940438689372027,8.42724338327877
-15.3729386582784,-0.966002877963451,15.5575921413008
-14.2605841940071,-16.3557550585106,11.699832014957
0,0,3.23179411498476
-6.81439910032447,4.68668807229501,12.406825074454
-20.5600956620234,-0.23557875995756,13.2924106050625
-14.2605841940071,-8.94662907329949,6.3998303278128
0,0,-4
-6.90633108623565,0.95538421175717,8.42531992527333
-15.4629262368159,-0.940360269437964,15.593945409938
-14.2605841940071,-16.3557550585106,11.699832014957
0,0,3.23179411498476
-6.92011210533378,4.75679347356522,12.4027386785321
-20.6617784737951,-0.235290504734677,13.2949263860425
-14.2605841940071,-8.94662907329949,6.3998303278128
0,0,-4
-7.00975685108931,0.970352053209956,8.42341167787914
-15.5529478633983,-0.914715737780908,15.6302895671028
-14.2605841940071,-16.3557550585106,11.699832014957
0,0,3.23179411498476
-7.02585511329259,4.82687916663609,12.398664600439
-20.7634873029484,-0.235000855006079,13.2974476655048
-14.2605841940071,-8.94662907329949,6.3998303278128
0,0,-4
-7.11316444300469,0.985335999876134,8.42151946023311
-15.6429673088989,-0.889079133601074,15.6666103981123
-14.2605841940071,-16.3557550585106,11.699832014957
0,0,3.23179411498476
-7.13158615830821,4.89691786703638,12.3946055062082
-20.8651816741745,-0.234709283562477,13.2999736660624
-14.2605841940071,-8.94662907329949,6.3998303278128
0,0,-4
-7.21659082354041,1.00034103380488,8.41964266563253
-15.733015638764,-0.863441146651599,15.7029208410303
-14.2605841940071,-16.3557550585106,11.699832014957
0,0,3.23179411498476
-7.23734230296298,4.96693464510152,12.3905609815389
-20.9668971297675,-0.234415055951684,13.3025054905424
-14.2605841940071,-8.94662907329949,6.3998303278128
0,0,-4
-7.32000428404032,1.01536218013235,8.41778192073591
-15.8230641749926,-0.837809485576172,15.7392097361977
-14.2605841940071,-16.3557550585106,11.699832014957
0,0,3.23179411498476
-7.3430904307937,5.03690810202516,12.3865332436476
-21.0686017169633,-0.23411764862351,13.3050425527572
-14.2605841940071,-8.94662907329949,6.3998303278128
0,0,-4
-7.42343393715799,1.0304033007631,8.41593674784782
-15.9131372388822,-0.812176778103338,15.7754872817983
-14.2605841940071,-16.3557550585106,11.699832014957
0,0,3.23179411498476
-7.44885965206624,5.10685801685095,12.3825220951205
-21.1703233370097,-0.233816374536275,13.3075857515966
-14.2605841940071,-8.94662907329949,6.3998303278128
0,0,-4
-7.52685501163954,1.04546042755609,8.41410762029022
-16.0032122682062,-0.786549002879079,15.8117447864322
-14.2605841940071,-16.3557550585106,11.699832014957
0,0,3.23179411498476
-7.55462400879992,5.17676774318195,12.378529378378
-21.2720369339615,-0.233510718706792,13.3101346532999
-14.2605841940071,-8.94662907329949,6.3998303278128
0,0,-4
-7.63029028922453,1.06053651886898,8.41229416218274
-16.0933081544779,-0.760920350073305,15.8479902432604
-14.2605841940071,-16.3557550585106,11.699832014957
0,0,3.23179411498476
-7.66040620337531,5.24665279965079,12.3745550564098
-21.3737642554515,-0.23320003764014,13.3126899890561
-14.2605841940071,-8.94662907329949,6.3998303278128
0,0,-4
-7.73372055825562,1.0756284184872,8.41049672564612
-16.1834072510612,-0.735295412325898,15.8842169394846
-14.2605841940071,-16.3557550585106,11.699832014957
0,0,3.23179411498476
-7.76618602320587,5.31650034685771,12.3706006595872
-21.4754857836848,-0.232883828692983,13.3152514451817
-14.2605841940071,-8.94662907329949,6.3998303278128
0,0,-4
-7.83716353223623,1.09073836208703,8.4087150144508
-16.273524113048,-0.709669630263494,15.9204311072758
-14.2605841940071,-16.3557550585106,11.699832014957
0,0,3.23179411498476
-7.87198104722123,5.38632249890545,12.3666662653063
-21.5772183495149,-0.232561488776773,13.3178196155038
-14.2605841940071,-8.94662907329949,6.3998303278128
0,0,-4
-7.9406044195852,1.10586384357224,8.40694928564394
-16.3636450152624,-0.684046495091389,15.9566276076079
-14.2605841940071,-16.3557550585106,11.699832014957
0,0,3.23179411498476
-7.9777756384165,5.45610944202474,12.3627531445987
-21.6789468484408,-0.232232530467949,13.3203942796836
-14.2605841940071,-8.94662907329949,6.3998303278128
0,0,-4
-8.04405690624136,1.12100652552749,8.40519930476104
-16.453781077334,-0.658422441094006,15.9928112768696
-14.2605841940071,-16.3557550585106,11.699832014957
0,0,3.23179411498476
-8.08358331053043,5.52587058981878,12.3588614523997
-21.7806842133763,-0.23189638847871,13.3229759193937
-14.2605841940071,-8.94662907329949,6.3998303278128
0,0,-4
-8.147509687007,1.13616441883643,8.4034652548166
-16.5439216797153,-0.63280009130048,16.0289782181801
-14.2605841940071,-16.3557550585106,11.699832014957
0,0,3.23179411498476
-8.18939204269872,5.59559851430641,12.3549922443214
-21.8824188304393,-0.231552592779542,13.3255643857657
-14.2605841940071,-8.94662907329949,6.3998303278128
0,0,-4
-8.25097327017066,1.15133873554592,8.40174694881914
-16.6340752420546,-0.607176664209857,16.0651321697555
-14.2605841940071,-16.3557550585106,11.699832014957
0,0,3.23179411498476
-8.29521214734,5.66530050241791,12.3511457237856
-21.9841605660853,-0.231200613672728,13.3281600691062
-14.2605841940071,-8.94662907329949,6.3998303278128
0,0,-4
-8.35443907895806,1.16652789499491,8.40004451253573
-16.7242335870645,-0.581554104130469,16.1012702076726
-14.2605841940071,-16.3557550585106,11.699832014957
0,0,3.23179411498476
-8.40103444007872,5.73497099280484,12.3473227673234
-22.0859005471574,-0.230840000135321,13.3307628743019
-14.2605841940071,-8.94662907329949,6.3998303278128
0,0,-4
-8.45791513186047,1.18173275814938,8.39835779513581
-16.8144030292052,-0.555930244512284,16.1373952122687
-14.2605841940071,-16.3557550585106,11.699832014957
0,0,3.23179411498476
-8.50686673071703,5.8046156091664,12.3435236043719
-22.1876462459471,-0.230470256142086,13.3333731173153
-14.2605841940071,-8.94662907329949,6.3998303278128
0,0,-4
-8.56139497095251,1.19695206516793,8.39668687840404
-16.9045772989943,-0.530306503413801,16.173505016067
-14.2605841940071,-16.3557550585106,11.699832014957
0,0,3.23179411498476
-8.61270204366294,5.87423023942103,12.3397489622665
-22.2893909261443,-0.230090950837658,13.3359907425952
-14.2605841940071,-8.94662907329949,6.3998303278128
0,0,-4
-8.66488467656854,1.21218640587944,8.3950316388016
-16.9947610821908,-0.504681193698529,16.2096018337433
-14.2605841940071,-16.3557550585106,11.699832014957
0,0,3.23179411498476
-8.71854624598537,5.9438192148963,12.3359990794471
-22.3911402043829,-0.229701620171609,13.3386160056019
-14.2605841940071,-8.94662907329949,6.3998303278128
0,0,-4
-8.76837942404432,1.22743477116172,8.39339212451417
-17.0849495905105,-0.47905532874097,16.2456840817321
-14.2605841940071,-16.3557550585106,11.699832014957
0,0,3.23179411498476
-8.82439407023834,6.01337954037314,12.3322745585118
-22.4928889994217,-0.229301854250284,13.3412488791088
-14.2605841940071,-8.94662907329949,6.3998303278128
0,0,-4
-8.8718837938598,1.24269754333622,8.39176823240618
-17.1751462590282,-0.453427593305562,16.2817534613476
-14.2605841940071,-16.3557550585106,11.699832014957
0,0,3.23179411498476
-8.93024988514945,6.08291454879715,12.3285756343538
-22.5946414994464,-0.228891219468506,13.3438895692552
-14.2605841940071,-8.94662907329949,6.3998303278128
0,0,-4
-8.97539421161492,1.25797390847085,8.39015998511265
-17.2653474433928,-0.42779869207108,16.3178088367608
-14.2605841940071,-16.3557550585106,11.699832014957
0,0,3.23179411498476
-9.0361097360055,6.15242209963706,12.3249028047749
-22.6963938976118,-0.228469327386895,13.3465380683563
-14.2605841940071,-8.94662907329949,6.3998303278128
0,0,-4
-9.07891410280007,1.27326409149935,8.38856729460298
-17.3555556248227,-0.402167597262192,16.3538515153874
-14.2605841940071,-16.3557550585106,11.699832014957
0,0,3.23179411498476
-9.14197684239728,6.22190475821193,12.321256292168
-22.7981492891428,-0.228035773447939,13.3491945422052
-14.2605841940071,-8.94662907329949,6.3998303278128
0,0,-4
-9.18244084442524,1.28856743014942,8.38699016413503
-17.4457680389899,-0.376534779863992,16.3898807027612
-14.2605841940071,-16.3557550585106,11.699832014957
0,0,3.23179411498476
-9.24784825330198,6.29136103405143,12.3176365057549
-22.8999048439019,-0.227590190908367,13.3518589958988
-14.2605841940071,-8.94662907329949,6.3998303278128
0,0,-4
-9.28597697544152,1.3038840309916,8.38542851674967
-17.5359864436934,-0.350899433961743,16.4258974050704
-14.2605841940071,-16.3557550585106,11.699832014957
0,0,3.23179411498476
-9.35372631056262,6.36079290400616,12.3140436493318
-23.0016628246691,-0.227132202967988,13.3545315620385
-14.2605841940071,-8.94662907329949,6.3998303278128
0,0,-4
-9.38952059392183,1.31921334968931,8.38388234100928
-17.6262087505074,-0.325261854752589,16.4619010870874
-14.2605841940071,-16.3557550585106,11.699832014957
0,0,3.23179411498476
-9.4596088281809,6.43019936985349,12.3104780567068
-23.1034211479398,-0.226661464610533,13.3572122533987
-14.2605841940071,-8.94662907329949,6.3998303278128
0,0,-4
-9.49307355861888,1.33455540442038,8.38235156799137
-17.7164361703022,-0.299621407873273,16.4978925247217
-14.2605841940071,-16.3557550585106,11.699832014957
0,0,3.23179411498476
-9.56549747842636,6.49958195729358,12.3069399092262
-23.2051814436699,-0.226177625593687,13.3599011750507
-14.2605841940071,-8.94662907329949,6.3998303278128
0,0,-4
-9.59663451382124,1.34990974303363,8.38083617506506
-17.8066671349224,-0.273978256777596,16.5338713794946
-14.2605841940071,-16.3557550585106,11.699832014957
0,0,3.23179411498476
-9.67139065871985,6.56894004043221,12.3034294759643
-23.3069421997332,-0.225680362479358,13.3625983436895
-14.2605841940071,-8.94662907329949,6.3998303278128
0,0,-4
-9.70020479409984,1.36527631792058,8.37933609909518
-17.8969024411134,-0.24833190071403,16.5698382504324
-14.2605841940071,-16.3557550585106,11.699832014957
0,0,3.23179411498476
-9.77728952874389,6.63827479731993,12.299946913703
-23.4087045635843,-0.225169350464665,13.365303841295
-14.2605841940071,-8.94662907329949,6.3998303278128
0,0,-4
-9.80378346002492,1.38065474984242,8.37785130883242
-17.987140924642,-0.222682404209619,16.6057929491976
-14.2605841940071,-16.3557550585106,11.699832014957
0,0,3.23179411498476
-9.88319293394677,6.70758588511017,12.2964924354394
-23.5104674636202,-0.224644287385174,13.3680176858228
-14.2605841940071,-8.94662907329949,6.3998303278128
0,0,-4
-9.90737143715208,1.39604494201111,8.3763817452966
-18.0773830654957,-0.19702937220918,16.6417359371212
-14.2605841940071,-16.3557550585106,11.699832014957
0,0,3.23179411498476
-9.9891016368898,6.77687421032581,12.2930661726148
-23.6122316751412,-0.224104872835485,13.3707399395928
-14.2605841940071,-8.94662907329949,6.3998303278128
0,0,-4
-10.0109681089363,1.41144657411799,8.37492737046626
-18.1676280190091,-0.171372793984982,16.677667142311
-14.2605841940071,-16.3557550585106,11.699832014957
0,0,3.23179411498476
-10.0950148332814,6.84613964878573,12.2896682891537
-23.7139964723613,-0.223550825482193,13.3734706200592
-14.2605841940071,-8.94662907329949,6.3998303278128
0,0,-4
-10.1145740736015,1.42685951186668,8.37348812837222
-18.2578760167598,-0.145712360466729,16.7135869159831
-14.2605841940071,-16.3557550585106,11.699832014957
0,0,3.23179411498476
-10.2009329700214,6.91538288922828,12.2862988914063
-23.8157623360463,-0.222981868352373,13.3762097724737
-14.2605841940071,-8.94662907329949,6.3998303278128
0,0,-4
-10.218188974266,1.44228348428626,8.37206397549241
-18.3481264757467,-0.120048001782508,16.7494952796487
-14.2605841940071,-16.3557550585106,11.699832014957
0,0,3.23179411498476
-10.3068555264041,6.98460398228934,12.2829580998658
-23.9175288213979,-0.222397740374084,13.378957412775
-14.2605841940071,-8.94662907329949,6.3998303278128
0,0,-4
-10.321813135465,1.45771832709518,8.37065485811734
-18.4383794232102,-0.0943794819973609,16.7853924923007
-14.2605841940071,-16.3557550585106,11.699832014957
0,0,3.23179411498476
-10.4127826866706,7.053803433979,12.2796459968352
-24.0192961648943,-0.22179818712457,13.3817135710203
-14.2605841940071,-8.94662907329949,6.3998303278128
0,0,-4
-10.4254464224191,1.47316381282105,8.36926072803578
-18.5286345024221,-0.0687066817688776,16.8212786548582
-14.2605841940071,-16.3557550585106,11.699832014957
0,0,3.23179411498476
-10.5187141734764,7.12298144332666,12.276362663873
-24.121064163315,-0.221182967101107,13.3844782612606
-14.2605841940071,-8.94662907329949,6.3998303278128
